mid,publish_time,user_name,user_link,content,source,location_url,location_name,image_urls,weibo_link,forward_num,comment_num,like_num,verify_typ
4933981186035771,2023-08-12 18:30,蜗牛柯基,https://weibo.com/1015206261?refer_flag=1001030103_,"🇷🇺🇺🇦 俄罗斯反对派媒体 Mediazona 发布截至 8 月 11 日俄军可确认的死亡数据：30,003。可以推算出俄方整体阵亡3.3万。Mediazona 与 BBC 和志愿者团队一起，继续统计公开的死亡报告，包括亲属在社交媒体的帖子、地区媒体的新闻以及地方当局的报告。自上次7月28日报告微博正文以来，两周名单增加了1,300人，回到之前水平。过去两周，已知有4名中校以上军衔军官死亡。目前，高级军官名单上共有284人。监测乌克兰在扎波罗热地区反攻的开源情报研究人员注意到，炮兵依然损失比以前大。大多数阵亡者来自斯威尔德洛夫斯克和车里雅宾斯克州，巴什科尔托斯坦共和国、布里亚特共和国和罗斯托夫州紧随其后。克拉斯诺达尔边疆区非常高是因为志愿者拍摄了墓地情况。名单上莫斯科地区的死亡人数大幅增加，增长与检测的增加有关，而不是与前线的情况有关。在大多数情况下，根据死亡报告以及间接标志（制服或袖章）可以确定死者的部队类型。统计中的兵种是按部队类型划分的，例如一名空降部队的炮兵将被统计到空降部队而不是炮兵部队。动员兵、志愿兵和囚犯没有单独的分支，但分开表示以便与正规军事人员进行比较。超过2,400名军官死亡的消息得到确认。还已知大约有 176 例军事飞行员死亡。超过21,700份报告提供了死亡日期。这些数据显示的每天伤亡人数很难反映真实情况，但它确实表明了战斗最激烈的日子。 超过24,000条消息提到了年龄。前六个月，在军队没有志愿兵、动员兵和囚犯时，死亡人数最多的是21-23岁的人群。现在已经主要是33-35岁的人群。志愿兵和动员兵的年龄大得多：30-35岁。柯基总结：算上延迟（延迟很明显，大反攻开始俄军阵亡少了，而增加的主要是反攻前激烈战斗的炮兵部队，这样看延迟大约一到两个月，这样也能解释为什么雇佣兵还在增加），这个数据可以推算俄方阵亡人数达到了近3.3万。另外，按照统计，雇佣兵+囚犯=8078，在已知兵种中比例为35%，未知的7267人中应该也还有这个比例甚至更多的，再加上讣告的延迟性，所以只能推算瓦格纳阵亡数1.2万。但之前瓦格纳参谋长披露瓦格纳阵亡总数达2.2万，新增的墓地可能没有统计全，包括全是龙牙形状战士纪念碑的克拉斯诺达尔边疆区墓地。@棉花絮飞 @戈洛夫杨 @陆瑞71136 @外台秘要 @军武大伊万 @水獭军一般兵 @大象驮蜗牛 #俄乌局势新进展##微博新知博主##普京指责瓦格纳负责人叛国# 收起d",微博网页版,,,https://wx1.sinaimg.cn/thumb150/3c82d175ly1hgu50gprlij20dm074jsx.jpg https://wx4.sinaimg.cn/thumb150/3c82d175ly1hgu50gsgy3j20p80lo47j.jpg https://wx1.sinaimg.cn/thumb150/3c82d175ly1hgu50gsb3nj20oq0lcqcd.jpg https://wx4.sinaimg.cn/thumb150/3c82d175ly1hgu50grtqdj20pk0njtnj.jpg https://wx3.sinaimg.cn/thumb150/3c82d175ly1hgu50gqsl0j20pt0jlgqm.jpg https://wx3.sinaimg.cn/thumb150/3c82d175ly1hgu50gr41xj20pl0j2jv0.jpg https://wx1.sinaimg.cn/thumb150/3c82d175ly1hgu50gqxg0j20pb0j2ada.jpg https://wx3.sinaimg.cn/thumb150/3c82d175ly1hgu50gqryfj20p70j3n0f.jpg https://wx1.sinaimg.cn/thumb150/3c82d175ly1hgu50gqypnj20q40jaq6m.jpg,https://weibo.com/1015206261/Neg0mpkb9,22,51,234,红V认证
4932948161996355,2023-08-09 22:05,蜗牛柯基,https://weibo.com/1015206261?refer_flag=1001030103_,🇷🇺🇺🇦 Suriyak更新克里希夫卡局势俄军发起反攻，迫使乌克兰军队从运河东岸的大部分地区撤退，从而缓解了库尔久米夫卡压力。但随着乌克兰增援部队抵达该地区，安德里伊夫卡和克里希夫卡的局势对俄罗斯军队来说仍然困难重重。#俄乌局势新进展##普京指责瓦格纳负责人叛国##瓦格纳集团称内战已经正式开始# ​​​ 收起d,微博网页版,,,https://wx4.sinaimg.cn/orj360/3c82d175ly1hgqudq27ssj20u00gp40z.jpg,https://weibo.com/1015206261/NdP8c8nlh,3,29,109,红V认证
4932747766531552,2023-08-09 08:49,蜗牛柯基,https://weibo.com/1015206261?refer_flag=1001030103_,🇷🇺🇺🇦 Suriyak更新1、库普扬斯克东北：俄军成功占领了佩尔绍特拉夫涅韦和维利沙纳以南的新阵地； 以及奥尔良卡和亚吉德涅附近阵地。2、库班以南：罗博季涅处于俄罗斯控制之下。 尽管过去两个月在该村以北发生了激烈的战斗，但乌克兰军队仍然无法到达该村的第一座建筑物。 另一方面，俄军还设法夺回其东北的新阵地。#俄乌局势新进展##普京指责瓦格纳负责人叛国##瓦格纳集团称内战已经正式开始# 收起d,微博网页版,,,https://wx4.sinaimg.cn/orj360/3c82d175ly1hgq7d52or0j20v90gq17g.jpg https://wx2.sinaimg.cn/orj360/3c82d175ly1hgq7d4vxahj20u10gp13m.jpg,https://weibo.com/1015206261/NdJUYrp9C,11,22,163,红V认证
4932345968461326,2023-08-08 06:13,蜗牛柯基,https://weibo.com/1015206261?refer_flag=1001030103_,🇷🇺🇺🇦 Suriyak更新克里希夫卡局势在过去 36 小时内，乌克兰军队在克里希夫卡以北小幅推进。#俄乌局势新进展##普京指责瓦格纳负责人叛国##瓦格纳集团称内战已经正式开始# ​​​,微博网页版,,,https://wx2.sinaimg.cn/orj360/3c82d175ly1hgoq13nf6yj20u00gnac8.jpg,https://weibo.com/1015206261/NdzsUzvb0,0,5,43,红V认证
4932214133624748,2023-08-07 21:29,蜗牛柯基,https://weibo.com/1015206261?refer_flag=1001030103_,🇷🇺🇺🇦 Suriyak更新库普扬斯克局势在过去的三四天内，俄军成功占领了佩尔绍特拉夫涅韦和维尔沙纳以南的大片领土。柯基语：大片……#俄乌局势新进展##普京指责瓦格纳负责人叛国##瓦格纳集团称内战已经正式开始# ​​​,微博网页版,,,https://wx4.sinaimg.cn/orj360/3c82d175ly1hgoi2v0zthj20u10gsdih.jpg,https://weibo.com/1015206261/Ndw2hfcXG,8,25,210,红V认证
4931909962434315,2023-08-07 01:20,蜗牛柯基,https://weibo.com/1015206261?refer_flag=1001030103_,🇷🇺🇺🇦 Suriyak更新1、库普扬斯克东北：俄军在辛基夫卡和维尔沙纳之间取得了小幅进展。2、斯瓦托西南：乌军成功夺回了卡尔马济尼夫卡以西的部分森林地区。另一方面，俄军在新埃戈里夫卡以东取得了一些进展3、大诺沃西尔卡以南：过去四天里，乌军加强了旧马约尔斯克内的阵地，并开始攻击附近的乌罗扎因4、库班以南：上周俄军发动了一系列反攻，夺回了罗博季涅以东的一些阵地。#俄乌局势新进展##普京指责瓦格纳负责人叛国##瓦格纳集团称内战已经正式开始# 收起d,微博网页版,,,https://wx4.sinaimg.cn/thumb150/3c82d175ly1hgnj51jj26j20sj0gjacq.jpg https://wx2.sinaimg.cn/thumb150/3c82d175ly1hgnj51j57cj20tz0gm0v4.jpg https://wx3.sinaimg.cn/thumb150/3c82d175ly1hgnj51kfbwj20tw0grmz7.jpg https://wx3.sinaimg.cn/thumb150/3c82d175ly1hgnj51jguwj20u10go40k.jpg,https://weibo.com/1015206261/Ndo7Gadh9,3,18,101,红V认证
4931756862472273,2023-08-06 15:12,150师一般医疗兵,https://weibo.com/6404659228?refer_flag=1001030103_,乌方信源deepstate简报:截至2023年8月5日当天结束时▶️ 别洛莫斯科夫斯基、塞弗尔斯克和别尔哥罗德段 — 不变。▶️ 斯瓦托夫部分 - 敌人继续向新舍利夫斯克施加压力，并开始大规模向利曼佩尔什区域施加压力。新埃霍里夫卡、纳季亚和塞雷布良卡森林附近的战斗仍在继续。在该段的所有部门，前进的敌军都遭受了重大失败——一些地方敌人被炮兵驱散，一些地方在短兵相接的枪战中被击退。▶️ 巴赫穆特方向 - 没有变化。巴赫穆特的北翼和南翼仍在继续激烈的战斗。▶️阿瓦迪夫卡部分 -过去几天双方相互炮击，我们的集束弹药正在发挥作用。▶️ 弗尔梅夫斯基突出部— 不变。俄军在普里尤特涅附近进攻的企图失败了。▶️ 扎波罗热部分 - 战斗仍在罗伯济涅和洛布科维附近继续。敌人设法恢复的路线被澄清了。▶️ 赫尔松 — 不变。#关注俄乌局势最新进展##俄乌局势##普京指责瓦格纳负责人叛国##克里米亚大桥紧急事件致2死1伤# 桥 收起d,微博网页版,,,,https://weibo.com/6404659228/Ndk8Kan9n,0,0,2,没有认证
4931550582145758,2023-08-06 01:32,蜗牛柯基,https://weibo.com/1015206261?refer_flag=1001030103_,🇷🇺🇺🇦 Suriyak更新的顿涅茨克……我无语了顿涅茨克以西局势：在最后几个小时内，俄军重新开始向克拉斯诺格夫卡推进，不仅夺回了乌军先前占领的阵地，还夺回了2014年防线中的阵地。#俄乌局势新进展##普京指责瓦格纳负责人叛国##瓦格纳集团称内战已经正式开始# ​,微博网页版,,,https://wx4.sinaimg.cn/orj360/3c82d175ly1hgmdvcbg56j20tx0gptbs.jpg,https://weibo.com/1015206261/NdeM290d0,8,34,277,红V认证
4931543565075805,2023-08-06 01:04,蜗牛柯基,https://weibo.com/1015206261?refer_flag=1001030103_,"🇷🇺🇺🇦 Suriyak更新俄新社最近拍摄的视频显示，新舍利夫斯克 (49°31'28.2""N 37°56'58.1""E)已被俄罗斯夺回，俄炮兵正在打击剩余的乌克兰士兵。俄军还在最近的进攻中控制了南北郊区。 在过去的几周里，该村处于灰色地带，乌克兰军队反复试图再次在西部建立存在，但不断失败。俄军占领邻近阵地迫使乌克兰军队在最后几个小时内向西撤退到靠近哈尔科夫州边界的阵地。#俄乌局势新进展##普京指责瓦格纳负责人叛国##瓦格纳集团称内战已经正式开始# 收起d",微博网页版,,,https://wx4.sinaimg.cn/orj360/3c82d175ly1hgmd2e3t98j20u40gqwh0.jpg,https://weibo.com/1015206261/NdeAIlirP,6,11,120,红V认证
4931341084268092,2023-08-05 11:39,蜗牛柯基,https://weibo.com/1015206261?refer_flag=1001030103_,🇷🇺🇺🇦 ISW 8 月 4 日报告摘录“乌军对克里米亚和克拉斯诺达尔的港口基础设施进行了一系列空中和海上无人机袭击。俄罗斯称防空和电子战部队击落了多达 13 架无人机。4日发布的地理定位视频显示，乌无人机袭击了费奥多西亚一个油库，但尚不清楚是否损坏了目标。3日和4日发布的地理定位视频显示，俄军在新罗西斯克的海军基地附近向乌无人艇开火，其中一艘击中了俄罗斯登陆舰。4日晚些时候发布的地理定位视频显示，Olenegorsky Gornyak号倾斜，但被拖至新罗西斯克港。”“俄军事博主痛斥国防部在无人艇袭击事件上撒谎，因为最初俄国防部声称拦截了所有无人艇袭击，并呼吁俄军切断乌克兰进入黑海的通道，以防止民用船只释放无人艇攻击海军。”“GUR发言人表示，乌克兰反攻最重要的要素是出其不意和准确性，而不是速度。乌克兰的行动旨在切断俄罗斯的补给路线，摧毁俄罗斯的武器和军事装备储备，并赢得反炮战。”柯基语：等我笑一会“据报道，图拉州州长久明通过会见瓦伊诺（总统办公厅主任）促成了俄罗斯第 106 近卫空降师师长塞利维斯托夫少将的复职。虽然 ISW 无法独立证实这些报道，但如果属实，久明很可能支持塞利维斯托夫，反对绍伊古或格拉西莫夫，或者可能只是支持塞利维斯托夫，因为第 106 师总部位于图拉州。如果消息属实，则表明普京身边的特定成员能够否决和破坏国防部的决定。”“据路透社报道，由于战争成本不断增加，俄罗斯已将2023年国防预算增加了一倍。 最初的2023年国防预算为4.98万亿卢布（540亿美元），俄罗斯最近将2023年国防预算翻了一番，达到9.54万亿卢布（1000亿美元）。#俄乌局势新进展##普京指责瓦格纳负责人叛国##瓦格纳集团称内战已经正式开始# 收起d,微博网页版,,,https://wx1.sinaimg.cn/thumb150/3c82d175ly1hglpt4h0mnj21yu2p3npf.jpg https://wx4.sinaimg.cn/thumb150/3c82d175ly1hglpt4trt8j21yu3fc4qv.jpg https://wx4.sinaimg.cn/thumb150/3c82d175ly1hglpt4qidej21yu3di4qu.jpg,https://weibo.com/1015206261/Nd9k8hUkc,4,14,59,红V认证
4931315977684681,2023-08-05 10:00,蜗牛柯基,https://weibo.com/1015206261?refer_flag=1001030103_,🇷🇺🇺🇦 Suriyak更新过去几天有报道称，乌军夺回了热列别茨河以西的俄罗斯阵地。 事实是，在过去几天里，前线没有变化，俄罗斯军队成功阻止了乌克兰的新援军。 与此同时，俄军恢复了对东北战线各个方向的攻击，取得了小幅进展。社交网络上“俄罗斯出动10万大军进攻”的谎言仍在继续。 事实并非如此，正如许多场合所说，俄罗斯军队处于防御状态，并且预计未来几个月俄罗斯不会发动任何大规模进攻。 我们这些天观察到的是一系列袭击，旨在将乌克兰军队从南部和东部前线转移。 因此，乌克兰军队减少了进攻行动，同时在等待来自乌克兰中部和西部的新后备部队。另一方面，乌克兰军队可能的反应是增加在哈尔科夫和别尔哥罗德边境的活动，以牵制俄罗斯将资源转移到其边境，因为有可能进一步入侵其领土。#俄乌局势新进展##普京指责瓦格纳负责人叛国##瓦格纳集团称内战已经正式开始# ​​​ 收起d,微博网页版,,,https://wx2.sinaimg.cn/orj360/3c82d175ly1hglmxbm5mdj20ur0gl0w5.jpg,https://weibo.com/1015206261/Nd8FDwf8t,5,39,131,红V认证
4931126780763534,2023-08-04 21:28,国际湃,https://weibo.com/7621561081?refer_flag=1001030103_,Stories behind The Paper，欢迎来到“907编辑部”！距离震惊世界的瓦格纳兵变已过去一月有余，其影响却在延宕。乌克兰社会学家伊申格曾在标题为《俄罗斯的军事凯恩斯主义》一文中分析称，俄罗斯政治精英出于自己的议程和利益发起了对乌军事行动，在俄乌冲突初期，俄罗斯大众对军事行动一度只有被动和形式上的支持。但随着越来越多的利益相关方被卷入，军事行动在某种程度上发挥了财富再分配的作用，也因此获得了相当一部分俄罗斯人的积极支持。伊申格还告诉澎湃新闻，现在很多人相信瓦格纳兵变打开了混乱之门。据他们说，接踵而来的将是其他私人军事承包商的反叛、精英的离心离德、平民的街头运动，乃至最终的崩溃。“但目前有哪些蛛丝马迹能够佐证这种说法呢？完全没有，目前只有相反的迹象。”本期节目邀请了两位俄罗斯观察者复盘与揭秘这场兵变的背后，聊聊瓦格纳影响下的俄罗斯未来将面临着什么？欢迎扫码收听，也可以私信留言进群畅聊，同时你可以在公众号“国际湃”、B站“907放送”找到我们！#907编辑部##播客##俄罗斯##瓦格纳##普京指责瓦格纳负责人叛国##俄乌冲突# 收起d,微博网页版,,,https://wx4.sinaimg.cn/thumb150/008jNicxgy1hgl0zdwwyzj32303pc4qs.jpg https://wx1.sinaimg.cn/thumb150/008jNicxgy1hgl0zdwazyj32303pcu0z.jpg https://wx4.sinaimg.cn/thumb150/008jNicxgy1hgl0zdf90aj32303pchdv.jpg https://wx1.sinaimg.cn/thumb150/008jNicxgy1hgl0zd5g3lj32303pckjn.jpg https://wx4.sinaimg.cn/thumb150/008jNicxgy1hgl0z8j7b0j32303pcx6q.jpg https://wx4.sinaimg.cn/thumb150/008jNicxgy1hgl0ze3kioj32303pcnpf.jpg,https://weibo.com/7621561081/Nd3Ku3cD4,2,1,2,蓝V认证
4931126512851326,2023-08-04 21:27,蜗牛柯基,https://weibo.com/1015206261?refer_flag=1001030103_,🇷🇺 一线的物资#俄乌局势新进展##普京指责瓦格纳负责人叛国##瓦格纳集团称内战已经正式开始# ​​​,微博网页版,,,https://wx1.sinaimg.cn/thumb150/3c82d175ly1hgl1614htmj20qo0vak00.jpg https://wx2.sinaimg.cn/thumb150/3c82d175ly1hgl16140w6j20qo0rmdm8.jpg,https://weibo.com/1015206261/Nd3K3bXL8,6,23,151,红V认证
4930996837292624,2023-08-04 12:52,蜗牛柯基,https://weibo.com/1015206261?refer_flag=1001030103_,🇷🇺🇺🇦 Suriyak更新比洛戈里夫卡情况俄军重新开始沿该方向推进，并成功夺回了一系列高地，从东面可以俯瞰该村的第一批建筑。#俄乌局势新进展##普京指责瓦格纳负责人叛国##瓦格纳集团称内战已经正式开始# ​,微博网页版,,,https://wx2.sinaimg.cn/orj360/3c82d175ly1hgkm9w5r5sj20u00go428.jpg,https://weibo.com/1015206261/Nd0mTuB8Y,6,39,162,红V认证
4930968852893125,2023-08-04 11:00,蜗牛柯基,https://weibo.com/1015206261?refer_flag=1001030103_,"🇷🇺🇺🇦 ISW 8 月 3 日报告摘录1、2号发布的地理定位视频显示，俄军向新舍利夫斯克的N26公路以西推进2、俄方信源3日称，俄军在卡尔马济尼夫卡附近的热别列茨河以西建立了一个深度达5公里的桥头堡。3、3号发布的地理定位视频显示，乌军向红迪布罗瓦推进4、地理定位视频显示，截至2号，俄军仍在新多涅齐克保持阵地5、俄方信源3日称，俄军对罗博季涅以北的控制较少正文摘抄“3日，俄军进行了一系列无人机袭击，主要目标是基辅。乌总参称，防空部队击落了全部15架Shahed-131/136无人机。”“特普林斯基在空降兵日声称，自战争爆发以来，至少有 8,500 名空降兵部队人员在乌克兰受伤，随后俄罗斯喉舌电视台红星报删除了特普林斯基的讲话，一些消息人士称，删除的原因是伤亡人数。BBC和反对派媒体Mediazona据证实，截至7月30日，至少有1800名空降兵在乌克兰的行动中阵亡。”柯基语：这个数字是对得上的，BBC数的讣告1842，按照3.5倍伤兵推算就是近6500“据报道，俄罗斯2日将针对热心的俄罗斯极端民族主义者、前FSB官员吉尔金的调查列为机密。吉尔金的支持者继续呼吁发起运动，要求通过政治手段释放吉尔金，并声称吉尔金是政治犯。”“波兰表示，截至3日，白俄罗斯境内约有4000名瓦格纳战士。”#俄乌局势新进展##普京指责瓦格纳负责人叛国##瓦格纳集团称内战已经正式开始# 收起d",微博网页版,,,https://wx3.sinaimg.cn/thumb150/3c82d175ly1hgkj24jlf2j21yu3di7wm.jpg https://wx3.sinaimg.cn/thumb150/3c82d175ly1hgkj24ky08j21yu3cu1l3.jpg https://wx1.sinaimg.cn/thumb150/3c82d175ly1hgkj24crudj21yu2p3npf.jpg,https://weibo.com/1015206261/NcZDLc8Dj,3,17,73,红V认证
4930820961993382,2023-08-04 01:13,蜗牛柯基,https://weibo.com/1015206261?refer_flag=1001030103_,🇷🇺🇺🇦 Suriyak更新1、库普扬斯克东南：俄军在佩尔绍特拉夫涅韦西南取得新进展。 此外，新舍利夫斯克的北部和南部郊区双方正在激烈战斗，该村已被完全摧毁。2、克里米纳：乌克兰军队重新控制了红迪布罗瓦以西的新地区。 另一方面，俄军在克里米纳林区取得了一些小进展。3、阿瓦迪夫卡以东：俄军加强了对卡玛尼安卡周围的控制，占领了邻近水库以西的阵地。4、阿瓦迪夫卡以南：乌军发动反击，重新控制了内维尔斯克周围的一系列阵地。 另一方面，俄军在欧泊汀以东小幅推进。5、弗勒达：乌克兰军队重新夺回了弗勒达以东的高地。乌克兰军队于六月某个时候重新夺回的邻近农场也最终得到确认。#俄乌局势新进展##普京指责瓦格纳负责人叛国##瓦格纳集团称内战已经正式开始# 收起d,微博网页版,,,https://wx1.sinaimg.cn/thumb150/3c82d175ly1hgk22pdtxij20w80gugov.jpg https://wx4.sinaimg.cn/thumb150/3c82d175ly1hgk22pdw6jj20u50gqdj0.jpg https://wx1.sinaimg.cn/thumb150/3c82d175ly1hgk22pdglej20t80gsn02.jpg https://wx2.sinaimg.cn/thumb150/3c82d175ly1hgk22pdnzcj20w90grgor.jpg https://wx4.sinaimg.cn/thumb150/3c82d175ly1hgk22pdaguj20u60gqq5h.jpg,https://weibo.com/1015206261/NcVNe8mzk,4,27,111,红V认证
4930604484793457,2023-08-03 10:52,蜗牛柯基,https://weibo.com/1015206261?refer_flag=1001030103_,🇧🇾💀 别说，这俩徽章还挺般配的……#俄乌局势新进展##普京指责瓦格纳负责人叛国##瓦格纳集团称内战已经正式开始##俄罗斯##车臣# ​,微博网页版,,,https://wx4.sinaimg.cn/thumb150/3c82d175ly1hgjd7lci7wj20dw0dwgmt.jpg https://wx3.sinaimg.cn/thumb150/3c82d175ly1hgjd7llnx4j205k05kgnc.jpg,https://weibo.com/1015206261/NcQa4k6ZP,3,2,49,红V认证
4928818303997603,2023-07-29 12:35,蜗牛柯基,https://weibo.com/1015206261?refer_flag=1001030103_,"🇷🇺🇺🇦 俄罗斯反对派媒体 Mediazona 发布截至 7 月 28 日俄军可确认的死亡数据：28,652。可以推算出俄方整体阵亡4.7万，瓦格纳阵亡达到1.2万。Mediazona 与 BBC 和志愿者团队一起，继续统计公开的死亡报告，包括亲属在社交媒体的帖子、地区媒体的新闻以及地方当局的报告。自上次6月30日报告（微博正文）以来，四周名单增加了1,851人，相比之前两周一千多大幅下降。监测乌克兰在扎波罗热地区反攻的开源情报研究人员注意到，俄罗斯火炮和多管火箭炮损失比以前大。过去一个月炮兵死亡人数比平时增长得更快间接证实了这一点。值得注意的是，统计的结果是严格按照兵种划分军人，而不是按专业划分。除了导弹部队和炮兵部队，其他许多编队中的炮兵并没有统计在炮兵的死亡人数中。大多数阵亡者来自斯威尔德洛夫斯克和车里雅宾斯克州，巴什科尔托斯坦共和国、布里亚特共和国和罗斯托夫州紧随其后。克拉斯诺达尔边疆区也非常高是因为志愿者拍摄了墓地情况。在大多数情况下，根据死亡报告以及间接标志（制服或袖章）可以确定死者的部队类型。统计中的兵种是按部队类型划分的，例如一名空降部队的炮兵将被统计到空降部队而不是炮兵部队。动员兵、志愿兵和囚犯没有单独的分支，但分开表示以便与正规军事人员进行比较。7月11日，南部军区副司令奥列格·佐科夫中将身亡的消息得到证实。他在别尔江斯克的风暴阴影导弹袭击中丧生。这是这场战争中阵亡的第一位中将。超过2,300名军官死亡的消息得到确认，其中中校以上军衔280人。还已知大约有 174 例军事飞行员死亡。柯基语：上次统计的176例飞行员……说明死灵法师出动了超过20,800份报告提供了死亡日期。根据该数据，每天的伤亡人数很难很好地反映真实情况，但它确实表明了哪几天的战斗最激烈。 超过23,000条消息提到了年龄。前六个月，在军队没有志愿兵、动员兵和囚犯时，死亡人数最多的是21-23岁的人群。现在已经主要是33-35岁的人群。志愿兵和动员兵的年龄大得多：30-35岁。柯基总结：1、算上延迟（延迟很明显，大反攻开始俄军阵亡少了，而增加的主要是反攻前激烈战斗的炮兵部队，这样看延迟大约一到两个月，这样也能解释为什么雇佣兵还在增加），这个数据可以推算俄方阵亡人数达到了近3.2万。另外，按照统计，雇佣兵+囚犯=7709，在已知兵种中比例为35%，未知的6735人中应该也还有这个比例甚至更多的，再加上讣告的延迟性，所以推算瓦格纳确认阵亡数1.2万。2、但之前瓦格纳参谋长披露瓦格纳阵亡总数达2.2万，我理解新增的墓地可能没有统计全，比如全是龙牙形状战士纪念碑的克拉斯诺达尔边疆区墓地。还有瓦格纳阵亡中主要是囚犯，也许这类人员的讣告并不像正规军一样全部都有，那么同样可以怀疑志愿兵的数据，当然动员兵不会，毕竟是进正规部队的。3、之前BBC有发通过超额死亡率计算得出俄军总阵亡4.7万人微博正文，而这一推算数据在不同年龄段和讣告数据比例不同：例如，在20-24岁年龄段，按照超额死亡率推算的数据和能找到讣告的数据一致，而在35-39岁年龄段，这一数字超过了一倍，但BBC无法给出解释。4、通过刚才分析，我认为正规军和动员兵用讣告是没错的，而志愿兵（主要33-47岁阵亡贡献者）和囚犯数据用这种办法统计不全。按照瓦格纳披露的2.2万和这个数据推算的1.2万，差额1万名囚犯（统计中5324）的比例，推算志愿兵（统计中2791）也有6000的差额（当然这个非常不准）。因此，俄方不算民兵总体伤亡应该再加上1.6万，也就是4.7万，接近BBC用超额死亡率推算的数据。@棉花絮飞 @戈洛夫杨 @陆瑞71136 @外台秘要 @军武大伊万 @水獭军一般兵 @大象驮蜗牛 #俄乌局势新进展##微博新知博主##普京指责瓦格纳负责人叛国# 收起d",微博网页版,,,https://wx1.sinaimg.cn/orj360/3c82d175ly1hgdo2431j0j20j20byn12.jpg https://wx4.sinaimg.cn/orj360/3c82d175ly1hgdo244w1fj20oq0lcqcd.jpg https://wx4.sinaimg.cn/orj360/3c82d175ly1hgdo244vyej20pq0m5n60.jpg https://wx3.sinaimg.cn/orj360/3c82d175ly1hgdo244ehij20p20mvqhy.jpg https://wx3.sinaimg.cn/orj360/3c82d175ly1hgdo243lalj20pt0imaf4.jpg https://wx1.sinaimg.cn/orj360/3c82d175ly1hgdo243m0ij20p70it425.jpg https://wx2.sinaimg.cn/orj360/3c82d175ly1hgdo243by5j20ot0im77k.jpg https://wx1.sinaimg.cn/orj360/3c82d175ly1hgdo243k6ij20p30ir425.jpg https://wx1.sinaimg.cn/orj360/3c82d175ly1hgdo243c7fj20ou0irad9.jpg,https://weibo.com/1015206261/Nc5H8gLXt,54,95,457,红V认证
4927207120830555,2023-07-25 01:53,蜗牛柯基,https://weibo.com/1015206261?refer_flag=1001030103_,瓦格纳在克拉斯诺达尔边疆区的战士纪念碑#俄乌局势新进展##普京指责瓦格纳负责人叛国##瓦格纳集团称内战已经正式开始# ​​​,微博网页版,,,https://wx4.sinaimg.cn/thumb150/3c82d175ly1hg8j0wtbkmj20lc0sgwid.jpg https://wx1.sinaimg.cn/thumb150/3c82d175ly1hg8j0wtw98j20zk0qo459.jpg https://wx3.sinaimg.cn/thumb150/3c82d175ly1hg8j0wu54fj20zk0qojzq.jpg,https://weibo.com/1015206261/NbpMs3u43,2,10,70,红V认证
4927101511666718,2023-07-24 18:53,蜗牛柯基,https://weibo.com/1015206261?refer_flag=1001030103_,❗️🇷🇺🇺🇦 截至 2023 年 7 月 24 日 13 点扎波罗热局势联合空军多种手段对后方纵深打击的加强，精确制导弹药的打击次数急剧增加（包括使用 HIMARS 多管火箭炮），以及对前线炮击强度的加大，都表明了乌克兰人即将发动大规模攻势的计划。乌克兰指挥部在看似毫无意义的“肉浪突击”之后，在进攻前实现了一个重要目标：将俄罗斯的前沿部队束缚在近战中，迫使炮弹和弹药花在小型步兵集群上。🔻同时，乌克兰正在加强编组：拥有有35门火炮和火箭炮的第148炮兵旅，已部署到卢基亚尼夫西克、斯维特拉多利纳和尼任卡一线。▪️此外，配备了西方制造的架桥设备、排雷系统和施工设备的工兵队伍也抵达了科米舒瓦哈。▪️预计一支部队将于今天抵达扎波罗热。 此外，更多的海马斯发射器已部署到扎波罗热方向。❗️现在乌克兰的打击重点是后勤和补给站，炮火一刻也没有停息。 同时，主要重点放在库班地区，乌克兰第10军司令部指挥所再次迁移到这里。马格达利尼夫卡和上捷尔萨已经部署了反炮兵射击阵地。@军武大伊万 @水獭军一般兵 @陆瑞71136 #俄乌局势新进展##普京指责瓦格纳负责人叛国##瓦格纳集团称内战已经正式开始# 收起d,微博网页版,,,https://wx4.sinaimg.cn/orj360/3c82d175ly1hg86wjsxrdj22aw1qix0f.jpg,https://weibo.com/1015206261/Nbn276ZAy,8,30,120,红V认证
4927072775967149,2023-07-24 16:59,蜗牛柯基,https://weibo.com/1015206261?refer_flag=1001030103_,莫斯科第四次遭到无人机袭击，这次有一架还差500米抵达俄国防部主楼，菜鹅！#俄乌局势新进展##普京指责瓦格纳负责人叛国##瓦格纳集团称内战已经正式开始# ​,微博网页版,,,https://wx1.sinaimg.cn/orj360/3c82d175ly1hg83lj5vhjj20zk0p4ahw.jpg,https://weibo.com/1015206261/NbmhLp2kl,10,51,309,红V认证
4927003175951824,2023-07-24 12:22,蜗牛柯基,https://weibo.com/1015206261?refer_flag=1001030103_,🇷🇺🇺🇦 ISW 7 月 23 日报告摘录1、俄方信源23日称，俄军跨过卡尔马济尼夫卡以西的热列别茨河继续挺进2、地理定位视频显示，截至22日，乌军已进入旧马约尔斯克3、地理定位视频显示，截至22日，俄军对罗博季涅以北的控制力度有所减弱正文摘抄“卢卡申科告诉普京，白俄罗斯的瓦格纳集团将留在白俄罗斯中部。7 月 23 日的 Maxar 图像表明，目前停放在瓦格纳基地及其周围的主要是数百辆汽车、小型卡车和大约 35 辆半挂车，就此而言，白俄罗斯的瓦格纳不会对波兰或乌克兰构成军事威胁，除非重新配备机械化装备。即便如此，也不会对北约构成有意义的威胁。”“西方和乌克兰以及ISW继续评估，现在说反攻失败还为时过早，因为乌克兰仍然拥有大量未投入准备的部队，并保留在其选择的时间和地点发动决定性行动的能力。”“布林肯7月23日告诉CNN ，自2022年2月俄罗斯开始全面入侵以来，乌军已经解放了俄罗斯占领的约50%的领土。这个数字与ISW目前对地形控制的评估基本一致。”柯基语：天天给读者打鸡血……“俄军对敖德萨市的港口基础设施和市中心进行了一系列导弹袭击，严重破坏了平民区。乌总参报告，俄军发射了19枚导弹，其中包括5枚“玛瑙”导弹、5枚“伊斯坎德尔-K”导弹、4枚“口径”导弹、2枚“Kh-22”导弹和2枚“伊斯坎德尔-M”导弹，乌克兰军队击落了4枚“口径”导弹和5枚“伊斯坎德尔-K”导弹。”柯基语：这回第一防空军改口风，主要为了突出打大教堂？“俄内部人士称，吉尔金曾计划于2024年春季启动正式法律程序，成立政党，其已与愤怒爱国者俱乐部成员讨论了在2023年秋季举行创党代表大会的可能性，6月26日曾发布的一项17点政治决议明确表示，将使用法律手段迫使俄罗斯“结束绥靖政策和与西方的幕后协议”，并宣称其“意图索取政治权力”。”“7月22日发布的地理定位镜头显示，乌克兰军队在扎波罗热州卡缅西克附近取得了小幅进展。”#俄乌局势新进展##普京指责瓦格纳负责人叛国##瓦格纳集团称内战已经正式开始# 收起d,微博网页版,,,https://wx1.sinaimg.cn/thumb150/3c82d175ly1hg7vl7nidmj21yu3k3kjq.jpg https://wx4.sinaimg.cn/thumb150/3c82d175ly1hg7vl7m97sj21yu35rkjq.jpg https://wx4.sinaimg.cn/thumb150/3c82d175ly1hg7vl79zh7j21yu2ookjn.jpg https://wx3.sinaimg.cn/thumb150/3c82d175ly1hg7vl75xb3j21yu2nohdv.jpg https://wx3.sinaimg.cn/thumb150/3c82d175ly1hg7vl75b3ej21yu2nuu0z.jpg https://wx1.sinaimg.cn/thumb150/3c82d175ly1hg7vl6qohcj20zk0zkq5f.jpg https://wx4.sinaimg.cn/thumb150/3c82d175ly1hg7vl7vy51j26d04044qt.jpg,https://weibo.com/1015206261/NbktvoYla,4,20,55,红V认证
4926994816697276,2023-07-24 11:49,蜗牛柯基,https://weibo.com/1015206261?refer_flag=1001030103_,❗️🇷🇺🇺🇦 截至 2023 年 7 月 23 日阿特木斯克局势🔻将乌军从奥里霍沃-瓦西里夫卡附近的多个阵地驱逐后，俄军试图向赫里霍里夫卡发起反击，但没有取得进展。🔻俄军精确导弹袭击了恰索夫亚尔，乌军治疗和康复的地点遭到命中。🔻在南翼，乌克兰人逼近安德里伊夫卡。 此前盘踞在邻近高地的乌克兰突击队进入克里希夫卡郊区，与防守的俄军展开巷战。乌克兰编队在该地区拥有大量空中侦察无人机、不断增援且无需考虑损失的人员和装甲车，使得乌军能够缓慢推进。❗️俄罗斯部队仍在坚守阿特木斯克南翼防御，但该地区局势非常困难。34小时前战报请点击微博正文@军武大伊万 @水獭军一般兵 @陆瑞71136 #俄乌局势新进展##普京指责瓦格纳负责人叛国##瓦格纳集团称内战已经正式开始# 收起d,微博网页版,,,https://wx2.sinaimg.cn/orj360/3c82d175ly1hg7uneph9cj21k61c9tp8.jpg,https://weibo.com/1015206261/Nbkg1s6gA,11,74,263,红V认证
4926783265178770,2023-07-23 21:48,蜗牛柯基,https://weibo.com/1015206261?refer_flag=1001030103_,❗️🇷🇺🇺🇦 截至 2023 年 7 月 23 日 16 时扎波罗热局势🔻库班方向，乌军突击小队继续攻击罗博季涅。俄军及时发现了乌克兰装甲车纵队向村庄方向移动的情况，从而对乌克兰人进行火力打击。据@voin_dv 称，乌克兰编队还在罗博季涅地区使用了远程布雷。🔻此外，乌克兰的一小支部队试图从派特科哈特发起进攻，但被俄罗斯的反坦克导弹部队摧毁。28小时前战报请点击微博正文@军武大伊万 @水獭军一般兵 @陆瑞71136 #俄乌局势新进展##普京指责瓦格纳负责人叛国##瓦格纳集团称内战已经正式开始# 收起d,微博网页版,,,https://wx4.sinaimg.cn/orj360/3c82d175ly1hg76cqbxs6j21xg1canc9.jpg,https://weibo.com/1015206261/NbeKOlJey,3,14,112,红V认证
4926781452720854,2023-07-23 21:41,蜗牛柯基,https://weibo.com/1015206261?refer_flag=1001030103_,❗️🇷🇺🇺🇦 截至 2023 年 7 月 23 日 15 时南顿涅茨克局势乌克兰人不顾损失，继续试图削弱俄罗斯在大诺沃西尔卡地区的防御。🔻乌克兰约10人的突击队进攻乌罗扎因，但因损失了两辆装甲车而被迫撤退。🔻在旧马约尔斯克方向，乌军又派出了一个小型机动部队，该部队遭到炮火的袭击并被驱散。🔻乌方的另一次进攻尝试在普里尤特涅地区受挫，一支试图从列瓦德涅方向进攻的分队损失了一辆装甲车。28小时前战报请点击微博正文@军武大伊万 @水獭军一般兵 @陆瑞71136 #俄乌局势新进展##普京指责瓦格纳负责人叛国##瓦格纳集团称内战已经正式开始# 收起d,微博网页版,,,https://wx4.sinaimg.cn/orj360/3c82d175ly1hg76599a7vj21xg1epnbz.jpg,https://weibo.com/1015206261/NbeHTbpOK,5,32,131,红V认证
4926421958661675,2023-07-22 21:53,蜗牛柯基,https://weibo.com/1015206261?refer_flag=1001030103_,❗️🇷🇺🇺🇦 关于克里米亚遭到风暴阴影打击乌克兰向克里米亚半岛红十月村发射了两枚英国“风暴阴影”巡航导弹。黑海舰队的一个油库和一个弹药库遭到袭击，事发地区发生大火，当地居民报告称有二次爆炸的声音。当局宣布将现场半径五公里范围内的人口疏散至临时住所。 为了最大限度地降低风险，克里米亚铁路的交通已暂停。 据最新消息，事故没有造成人员伤亡。此次事件是“风暴阴影”远程导弹首次用于袭击克里米亚目标。正如泽连斯基昨天所说，乌指正在为第二阶段进攻做准备，加上之前无人艇对克里米亚大桥的袭击，说明乌方试图在进攻前夕瘫痪俄罗斯后勤保障系统。除此之外，今天在库班附近，乌军几周来首次使用了布拉德利步兵战车，数量与前三周相当。因此，已有明显迹象表明，基辅已经开始了战略进攻行动的第二阶段（或者至少假装已经开始）。今后对俄军后方设施的袭击只会增加，包括沿克里米亚大桥的袭击。#俄乌局势新进展##普京指责瓦格纳负责人叛国##瓦格纳集团称内战已经正式开始# 收起d,微博网页版,,,https://wx3.sinaimg.cn/orj360/3c82d175ly1hg60uwybruj20zk0p4429.jpg,https://weibo.com/1015206261/Nb5m3Alir,14,80,403,红V认证
4926397228781758,2023-07-22 20:14,蜗牛柯基,https://weibo.com/1015206261?refer_flag=1001030103_,❗️🇷🇺🇺🇦 截至 2023 年 7 月 22 日 14 点阿特木斯克局势俄军在阿特木斯克侧翼——安德里伊夫卡西北和奥里霍沃-瓦西里夫卡以东进行了反击。虽然反击被乌军击退，但俄罗斯伞兵和特种部队的此类进攻有助于剥夺乌克兰人在某些地区的主动权。🔻前线报道称，乌军试图在装甲车的支援下再次从博达尼夫卡进攻别尔希夫卡。由于俄罗斯炮兵的打击，一辆坦克和一辆步兵战车被摧毁，乌克兰人被迫撤退。🔻与此同时，克里希夫卡正在激烈战斗。俄罗斯战士们在密集的工事中击退了盘踞在邻近高地后发起进攻的乌克兰突击部队，突进的乌军遭到迫击炮和火炮的打击。14小时前战报请点击微博正文@军武大伊万 @水獭军一般兵 @陆瑞71136 #俄乌局势新进展##普京指责瓦格纳负责人叛国##瓦格纳集团称内战已经正式开始# 收起d,微博网页版,,,https://wx4.sinaimg.cn/orj360/3c82d175ly1hg5y0nwjqqj21k61c918f.jpg,https://weibo.com/1015206261/Nb4IaAQxg,6,25,125,红V认证
4926360352457456,2023-07-22 17:48,蜗牛柯基,https://weibo.com/1015206261?refer_flag=1001030103_,❗️🇷🇺🇺🇦 截至 2023 年 7 月 22 日 12 时扎波罗热局势🔻在库班地区，乌军突击分队动用大量装甲车对罗博季涅发动了三次攻击。俄罗斯部队以陆军航空兵、炮兵和步兵的协调行动迎击了乌军进攻。 结果，乌克兰损失了至少四辆坦克和五辆装甲车。🔻此外，俄军及时发现了小托克马奇卡方向的乌方装甲车和步兵动向，提前进行火力打击。@军武大伊万 @水獭军一般兵 @陆瑞71136 #俄乌局势新进展##普京指责瓦格纳负责人叛国##瓦格纳集团称内战已经正式开始# 收起d,微博网页版,,,https://wx1.sinaimg.cn/orj360/3c82d175ly1hg5ts6z21jj223d1gd4h9.jpg,https://weibo.com/1015206261/Nb3KHajio,8,21,124,红V认证
4926358843037725,2023-07-22 17:42,蜗牛柯基,https://weibo.com/1015206261?refer_flag=1001030103_,❗️🇷🇺🇺🇦 截至 2023 年 7 月 22 日 11 时南顿涅茨克局势🔻凌晨，乌军再次企图袭击乌罗扎因。 在村庄的郊区发现了乘坐装甲车的小型机动部队在前进，因此俄军对袭击者进行了空袭和炮击。乌军损失了两辆装甲车和多达 30 名人员。🔻乌克兰部队还袭击了旧马约尔斯基郊区。 然而，在炮火下，乌克兰人不得不撤退。🔻 不管损失如何，乌克兰武装部队继续采取不断增兵来消耗俄罗斯防御的战术，希望消耗俄军兵力、弹药和意志，并打开突破缺口。@军武大伊万 @水獭军一般兵 @陆瑞71136 #俄乌局势新进展##普京指责瓦格纳负责人叛国##瓦格纳集团称内战已经正式开始# 收起d,微博网页版,,,https://wx3.sinaimg.cn/orj360/3c82d175ly1hg5tlyn86hj219a0x211c.jpg,https://weibo.com/1015206261/Nb3IgcKfz,7,19,142,红V认证
4926235664976059,2023-07-22 09:32,蜗牛柯基,https://weibo.com/1015206261?refer_flag=1001030103_,❗️🇷🇺🇺🇦 截至 2023 年 7 月 21 日阿特木斯克局势阿特木斯克侧翼的激烈战斗仍在继续。🔻乌克兰仍在对克里希夫卡的俄罗斯部队加大压力。乌军仍对战术高地继续控制。乌军不断向接触线调动新的增援部队，以10人为一组进行小组攻击。 由于储备不足和轮换不足，俄军尚未能掌握主动，空降部队艰难的击退了乌方的所有进攻，频繁俘虏并摧毁乌军装备。🔻今天，前线的消息再次得到证实，乌军在奥里霍沃-瓦西里夫卡地区沿M03高速公路推进。乌克兰人的计划没有改变，继续突破侧翼，包围阿特木斯克。19 日战报请点击微博正文@军武大伊万 @水獭军一般兵 @陆瑞71136 #俄乌局势新进展##普京指责瓦格纳负责人叛国##瓦格纳集团称内战已经正式开始# 收起d,微博网页版,,,https://wx3.sinaimg.cn/orj360/3c82d175ly1hg5fgi1cb7j21k61c9dx8.jpg,https://weibo.com/1015206261/Nb0vAkSv1,6,74,183,红V认证
4926083143566956,2023-07-21 23:26,蜗牛柯基,https://weibo.com/1015206261?refer_flag=1001030103_,❗️🇷🇺🇺🇦 截至 2023 年 7 月 21 日哈尔科夫和苏梅局势虽然前线大部分地区基本平静，但在苏梅地区，乌克兰继续将部队转移到别尔哥罗德和布良斯克州的边境。▪️前几天，来自苏梅的坦克纵队以及三门自行火炮穿过特罗斯佳涅茨向东行驶。同时，乌军继续强制撤离苏梅地区斯拉夫戈罗德、赫拉博夫斯克、波皮夫卡和哈尔科夫地区沃尔察斯克的居民。▪️仅沃尔察斯克，哈尔科夫地区当局就计划撤离约19.4万人。 ▪️车臣叛乱分子谢赫曼苏尔营在沃尔察斯克占据了观望位置。 此外，还有车臣雇佣兵携带 D-30 榴弹炮和 120 毫米迫击炮出现在斯米亚奇。▪️在苏梅地区边境，持有波兰运营商SIM卡的用户数量也有所增加，可能是波兰雇佣兵分队部署到此。▪️大约一周前，根据截获的通信得知，白俄罗斯雇佣兵卡利诺夫斯基营抵达切尔尼戈夫和苏梅地区交界处。❗️从乌克兰编队和雇佣兵部队的集中程度来看，未来几周，乌克兰武装部队正计划对别尔哥罗德州和布良斯克州领土再次进行大规模渗透。 很可能，将与其他方向的进攻遥相呼应同时进行。@军武大伊万 @水獭军一般兵 @陆瑞71136 #俄乌局势新进展##普京指责瓦格纳负责人叛国##瓦格纳集团称内战已经正式开始# 收起d,微博网页版,,,https://wx1.sinaimg.cn/orj360/3c82d175ly1hg4xy222n9j224o1qix4s.jpg,https://weibo.com/1015206261/NaWxAeXVy,9,17,68,红V认证
4926078202415872,2023-07-21 23:07,蜗牛柯基,https://weibo.com/1015206261?refer_flag=1001030103_,❗️🇷🇺🇺🇦 截至 2023 年 7 月 21 日 14 时扎波罗热局势扎波罗热情况仍然没有重大变化。 然而，乌军在前线的活动有所增加，人员和装备以及火炮正在集结，准备进攻。🔻未来几天，乌克兰可能从尼科波尔-奥索科里夫卡一线对扎波罗热核电站发起进攻。 训练有素的小组已经转移到这些地区，行动协调将由英国特种部队军官进行。在扎波罗热地区，至少有一架 Bayraktar 无人机定期从第聂伯罗彼得罗夫斯克机场起飞，为火炮和多管火箭炮提供制导。🔻在库班地区，乌军多次企图进攻罗博季涅但都失败，目前正在重新集结，准备发起下一次进攻。由于预计会出现新一波攻势浪潮，俄罗斯部队对斯捷波韦、小托克马奇卡和新达尼利夫卡的乌军集结地发动了先发制人的打击。🔻尽管卡缅西克和库班地区仍在进攻，但乌克兰第10军团指挥部将第116旅的炮兵转移到比洛吉尔亚，这表明乌军可能会激活波洛伊前线。@军武大伊万 @水獭军一般兵 @陆瑞71136 #俄乌局势新进展##普京指责瓦格纳负责人叛国##瓦格纳集团称内战已经正式开始# 收起d,微博网页版,,,https://wx4.sinaimg.cn/orj360/3c82d175ly1hg4xdmy37ij22bc1awar5.jpg,https://weibo.com/1015206261/NaWpCa8tG,6,9,56,红V认证
4926060326028218,2023-07-21 21:56,蜗牛柯基,https://weibo.com/1015206261?refer_flag=1001030103_,❗️🇷🇺🇺🇦 截至 2023 年 7 月 21 日 15 时弗勒达局势乌克兰人仍在弗勒达前线活动。 昨天，乌克兰试图袭击米基尔斯基以北，但被火炮和反坦克系统摧毁。今天，@voin_dv 报道说，乌军正在弗拉基米里夫卡以北集结，但还没开打就遭到炮击，一辆装甲战车被毁。🔻这可能表明乌克兰的注意力方向发生了变化，因为一整月扎波罗热和大诺沃西尔卡地区没有取得重大进展。22小时前战报请点击微博正文@军武大伊万 @水獭军一般兵 @陆瑞71136 #俄乌局势新进展##普京指责瓦格纳负责人叛国##瓦格纳集团称内战已经正式开始# 收起d,微博网页版,,,https://wx1.sinaimg.cn/orj360/3c82d175ly1hg4vbpekzhj21y41gq16k.jpg,https://weibo.com/1015206261/NaVWMpidk,3,6,61,红V认证
4925713143041673,2023-07-20 22:56,蜗牛柯基,https://weibo.com/1015206261?refer_flag=1001030103_,❗️🇷🇺🇺🇦 截至 2023 年 7 月 20 日 17 时弗勒达局势🔻凌晨，乌克兰编队在三辆坦克和三辆步兵战车的支援下，试图攻击俄罗斯太平洋舰队第36摩步旅和第155旅在米基尔斯基以北森林带附近的阵地。俄罗斯军队很快发现了乌克兰人的动向，并对其进行了有针对性的炮击，摧毁了两辆装甲步兵车。其余装甲车驶入雷区被炸毁。乌克兰部队遭受损失后撤回原来的阵地。🔻与周边地区相比，弗勒达地区相对平静，双方在整个前线相互炮击，俄罗斯空天军积极作战。长期以来，乌克兰指挥部一直在积蓄力量，现在是测试俄罗斯的防御实力，但没有成功。尽管如此，破坏和侦察小组仍在接触线进行活动，而由于该地区对密集的布雷，双方企图推进都很困难。@军武大伊万 @水獭军一般兵 @陆瑞71136 #俄乌局势新进展##普京指责瓦格纳负责人叛国##瓦格纳集团称内战已经正式开始# 收起d,微博网页版,,,https://wx1.sinaimg.cn/orj360/3c82d175ly1hg3rg61d3wj21xg1g7dtl.jpg,https://weibo.com/1015206261/NaMUOcLhf,2,3,69,红V认证
4925576563660696,2023-07-20 13:53,蜗牛柯基,https://weibo.com/1015206261?refer_flag=1001030103_,🇷🇺💀 瓦格纳司令委员会兼参谋长MARKS披露瓦格纳数据，其荣获过两枚“勇气”奖章、两枚“勇气”勋章、四级和三级“为祖国功勋”勋章“总共有7.8万名瓦格纳战士来乌克兰执行任务。其中，4.9万人曾是囚犯。攻下阿特木斯克时（5 月 20 日），有2.2万名战士牺牲，4万人受伤。 还健在的2.5万人中（包括正在接受治疗的伤员），已有近万人离开并前往白俄罗斯，1.5万人休假。”@棉花絮飞 @戈洛夫杨 @陆瑞71136 @外台秘要 @军武大伊万 @水獭军一般兵 #俄乌局势新进展##普京指责瓦格纳负责人叛国##外交部回应瓦格纳集团事件# 收起d,微博网页版,,,https://wx3.sinaimg.cn/orj360/3c82d175ly1hg3bqur2izj22qt1tw1l1.jpg,https://weibo.com/1015206261/NaJmwfmju,24,69,258,红V认证
4925494460680582,2023-07-20 08:27,追天空的路人,https://weibo.com/5278716356?refer_flag=1001030103_,俄罗斯“瓦格纳”集团负责人普里戈津在白俄罗斯境内欢迎从克拉斯诺达尔边疆区（俄罗斯境内）莫尔基诺农场附近的基地转移的数千名“瓦格纳”战士，并举行了交接该组织旗帜的仪式。#微博新知博主##关注俄乌局势最新进展##俄乌局势##乌克兰局势#大象军事超话#瓦格纳从俄南部军区司令部撤离##普京指责瓦格纳负责人叛国# L一个敢于面对的勇者的微博视频 收起d,微博视频号,,,,https://weibo.com/5278716356/NaHe62R38,0,1,8,红V认证
4925482493020789,2023-07-20 07:40,蜗牛柯基,https://weibo.com/1015206261?refer_flag=1001030103_,❗️🇷🇺🇺🇦 截至 2023 年 7 月 19 日阿特木斯克局势🔻在阿特木斯克以北，别尔希夫卡水库附近的战斗仍在继续，但强度有所减弱。乌军正试图在杜博沃-瓦西里夫卡地区，在轻型装甲车的支援下以小股部队推进。俄军依靠炮火阻止进攻。🔻阿特木斯克以南，最艰难的战斗正在克里希夫卡地区进行，乌克兰人正在投入越来越多的增援部队，试图坚守邻近高地的防御工事。此外，乌克兰的机动部队还试图闯入克里希夫卡以南的安德里伊夫卡，但被俄军阻拦。🔻关于克里希夫卡西北要塞地区激战信息的确认视频也已出现，俄炮兵对乌军占领的工事多次进行炮击，乌军部分撤退，在防御区留下了尸体和破损的装备。该地区即便没有被俄军重新占领，至少也处于灰色地带。41小时前战报请点击微博正文@军武大伊万 @水獭军一般兵 @陆瑞71136 #俄乌局势新进展##普京指责瓦格纳负责人叛国##瓦格纳集团称内战已经正式开始# 收起d,微博网页版,,,https://wx2.sinaimg.cn/orj360/3c82d175ly1hg2vhrzr2aj21xg1npx0y.jpg,https://weibo.com/1015206261/NaGUNcFQp,5,49,144,红V认证
4925367842507071,2023-07-20 00:04,踩着棺材平冤案,https://weibo.com/3976218705?refer_flag=1001030103_,天不会一直黑下去，河南鹿邑公检法黑暗腐败，不相信没有人可以收拾他们。如果整个国家体制坚持冤案不纠正的话，最坏的路那就是只能申请政治避难，流浪地球！#扫黑除恶##普京指责瓦格纳负责人叛国##联合调查组认定饭菜中异物是鼠头# ​,iPhone客户端,,,https://wx1.sinaimg.cn/orj360/ed004851gy1hg2nqdhrawj20ok0iegop.jpg,https://weibo.com/3976218705/NaDVSawcD,1,0,3,没有认证
4925345897644613,2023-07-19 22:37,金陵郭健,https://weibo.com/6611096981?refer_flag=1001030103_,#普京称瓦格纳战士都是英雄# #普京指责瓦格纳负责人叛国#,微博网页版,,,,https://weibo.com/6611096981/NaDmtw4Id,0,0,0,橙V认证
4925246991503375,2023-07-19 16:04,蜗牛柯基,https://weibo.com/1015206261?refer_flag=1001030103_,🇺🇦 蓝星第一防空军的19号凌晨战报来了19 日夜间，俄罗斯入侵者使用空基、陆基和海基巡航导弹以及伊朗 Shahed-136/131 型攻击无人机从南部攻击乌克兰。关键基础设施和军事设施遭到袭击，袭击的主要方向——敖德萨！在几波攻击中，敌人使用了：🚀 16枚“口径”海基巡航导弹，推测来自黑海的小型导弹舰“印古什”号和护卫舰“埃森海军上将”号；🚀 来自黑海的 Tu-22M3 远程轰炸机发射的 8 枚 Kh-22 巡航导弹；🚀 来自克里米亚的 6 枚玛瑙巡航导弹（柯基语：这玩意儿是反舰导弹）；🚀 来自黑海的 Su-35 战斗机的 1 枚 Kh-59 制导导弹；🛬 来自克里米亚和克拉斯诺达尔边疆区的32架“Shahed-136/131”型攻击无人机。💥 战斗工作的结果是，乌克兰空军和乌克兰其他防空部队摧毁了37个空中目标：- 13枚“口径”巡航导弹；- 1枚Kh-59制导空中导弹；- 23架攻击无人机“Shahed-136/131”。Kh-22 和 Onyx 导弹的袭击目标是敖德萨地区的基础设施，具体损失和受害者由地方当局通报。反过来，在当前和过去几天里，乌克兰空军对俄罗斯占领者的建筑、设备和人员集中地进行了20多次空袭。✊ 让我们守护天空！柯基语：没有齐心协力走向胜利#俄乌局势新进展##普京指责瓦格纳负责人叛国##瓦格纳集团称内战已经正式开始# 收起d,微博网页版,,,https://wx1.sinaimg.cn/orj360/3c82d175ly1hg29wvrah6j20zk0zk77u.jpg,https://weibo.com/1015206261/NaAMX6j5Z,1,19,73,红V认证
4925170600640730,2023-07-19 11:00,蜗牛柯基,https://weibo.com/1015206261?refer_flag=1001030103_,昨晚敖德萨大战天竺葵，那是相当精彩，摘录两个片段给大家#俄乌局势新进展##普京指责瓦格纳负责人叛国##瓦格纳集团称内战已经正式开始# L蜗牛柯基的微博视频 ​,微博视频号,,,,https://weibo.com/1015206261/NayNK2GGm,4,16,146,红V认证
4925161734409606,2023-07-19 10:25,蜗牛柯基,https://weibo.com/1015206261?refer_flag=1001030103_,❗️🇷🇺🇺🇦 截至 2023 年 7 月 17 日 17 时阿特木斯克局势阿特木斯克侧翼的激烈战斗仍在继续。 俄罗斯炮兵与空降部队一起击退了别尔希夫卡地区乌克兰人的进攻。🔻然而，在克里希夫卡地区，乌克兰第3和第5旅的联合突击集团成功占领了邻近的高地。乌克兰编队的小规模袭击仍在继续，没有停止。❗️乌克兰部队对战术高地的控制使保卫克里希夫卡变得非常困难。 此外，与扎波罗热前线存在同样的问题，即缺乏轮换和增援，阻碍了俄罗斯部队夺回失去的阵地。柯基语：且看这两天能不能拿回来了，不然战线将大幅后撤到欧泊汀。41小时前战报请点击微博正文@军武大伊万 @水獭军一般兵 @陆瑞71136 #俄乌局势新进展##普京指责瓦格纳负责人叛国##瓦格纳集团称内战已经正式开始# 收起d,微博网页版,,,https://wx2.sinaimg.cn/orj360/3c82d175ly1hg204a3bqzj21k61c9dwg.jpg,https://weibo.com/1015206261/Nayzriv8G,7,58,206,红V认证
4924958796419200,2023-07-18 20:59,蜗牛柯基,https://weibo.com/1015206261?refer_flag=1001030103_,❗️🇷🇺🇺🇦 截至 2023 年 7 月 18 日 15 时赫尔松局势🔻在安托尼夫卡桥附近进行了几周的战斗后，乌克兰指挥部将重点转移到了霍拉普里斯坦地区。 两天内，乌克兰部队七次尝试越过第聂伯河，并向附近多个岛屿投放DRG。俄军提前布设了雷区，并进行炮击，摧毁了三艘载有人员的船只，但仍有四艘从基佐米斯出发的船，携带两组人在岛屿登陆。乌克兰 DRG 的引导由两架 Bayraktar 无人机提供。 其中一架装备MAM-L导弹，因为飞得太近，遭到俄罗斯第80旅击落。🔻在安托尼夫卡桥头堡，乌克兰DRG再次试图登陆。 然而被无人机发现了船只，炮手进行了攻击，迫使乌克兰人撤退。沿着第聂伯河沿岸，乌克兰的火炮和迫击炮以及攻击无人机正在打击左岸，在此掩护下，乌军DRG借机渗透。@军武大伊万 @水獭军一般兵 @陆瑞71136 #俄乌局势新进展##普京指责瓦格纳负责人叛国##瓦格纳集团称内战已经正式开始# 收起d,微博网页版,,,https://wx2.sinaimg.cn/orj360/3c82d175ly1hg1ctejadzj22hc1e9av9.jpg,https://weibo.com/1015206261/Nati7qVVu,2,4,51,红V认证
4924627224889375,2023-07-17 23:01,蜗牛柯基,https://weibo.com/1015206261?refer_flag=1001030103_,❗️🇷🇺🇺🇦 截至 2023 年 7 月 17 日 17 时阿特木斯克局势🔻@HersonEnot 发布了在别尔希夫卡附近击退乌军镜头。乌克兰部队开始到处在没有装甲车支援的情况下使用肉浪战术。俄罗斯炮兵与空降部队一起击退了攻击，驱散了沿前线的乌克兰部队，最终将其挤回了原先的出发点。坐标：48.626634、37.955684🔻然而，最激烈的战斗却在南面进行。 乌克兰第3旅和第5旅的联合突击大队正试图在克里希夫卡附近的高地在前进一步，攻击几乎不间断地以小规模进行。47小时前战报请点击微博正文@军武大伊万 @水獭军一般兵 @陆瑞71136 #俄乌局势新进展##普京指责瓦格纳负责人叛国##瓦格纳集团称内战已经正式开始# 收起d,微博网页版,,,https://wx1.sinaimg.cn/orj360/3c82d175ly1hg0aqi00ugj21k61c9dvm.jpg,https://weibo.com/1015206261/NakFkkvWT,9,57,222,红V认证
4924210323132607,2023-07-16 19:24,蜗牛柯基,https://weibo.com/1015206261?refer_flag=1001030103_,❗️🇷🇺🇺🇦 截至 2023 年 7 月 15 日 17 点南顿涅茨克局势乌克兰第35海军陆战旅突击分队经过密集的炮兵准备，从马卡里夫卡方向恢复对旧马约尔斯克的攻击，并冲向西北郊区。乌克兰的主要战力集中在村庄西边一座小山上的阵地。旧马约尔斯克本身地处低地，如果无法控制邻近的高地，进攻就会变得困难。❗️在随后的战斗中，乌克兰第35旅突击分队得以在村北突破。 然而，一段时间后，俄罗斯部队成功地将乌克兰人赶出了定居点。现在战斗还在继续，乌克兰炮兵正在积极使用一个多月前移交的集束弹药，试图占领高地。20小时前战报请点击 微博正文@军武大伊万 @水獭军一般兵 @陆瑞71136 #俄乌局势新进展##普京指责瓦格纳负责人叛国##瓦格纳集团称内战已经正式开始# 收起d,微博网页版,,,https://wx2.sinaimg.cn/orj360/3c82d175ly1hfyyut5istj21xg1ep7jp.jpg,https://weibo.com/1015206261/Na9OUd8VV,19,39,180,红V认证
4924142065289463,2023-07-16 14:53,蜗牛柯基,https://weibo.com/1015206261?refer_flag=1001030103_,❗️🇷🇺🇺🇦 截至 2023 年 7 月 15 日赫尔松局势🔻乌克兰编队试图在夜间用六艘小艇将更多部队运送到安托尼夫卡桥头堡。俄军对登陆艇集中火力攻击。 其中一艘被炮弹准确命中摧毁，另外四艘船折返，只有一艘设法到达了左岸卸货。现在这个地区已经没有了活跃的战斗，只有大炮和迫击炮的炮轰声。乌方同样沿着前线进行炮击来掩护 DRG 的活动。而且乌克兰人特别注重信息作战，试图迷惑和误导俄罗斯军队往此处部署重兵。柯基语：这个应该是针对之前乌克兰国民警卫队司令说要在赫尔松大反攻说的@军武大伊万 @水獭军一般兵 @陆瑞71136 #俄乌局势新进展##普京指责瓦格纳负责人叛国##瓦格纳集团称内战已经正式开始# 收起d,微博网页版,,,https://wx4.sinaimg.cn/orj360/3c82d175ly1hfyr0kwke8j21xg1314b4.jpg,https://weibo.com/1015206261/Na82Omc1V,4,8,63,红V认证
4923903510578250,2023-07-15 23:05,蜗牛柯基,https://weibo.com/1015206261?refer_flag=1001030103_,❗️🇷🇺🇺🇦 截至 2023 年 7 月 15 日 17 点南顿涅茨克局势乌军在普里尤特涅以北沟壑区站稳脚跟后，乌克兰的注意力再次转移到旧马约尔斯克-乌罗扎因一线。🔻乌克兰第35海军陆战突击分队乘坐多辆装甲战车，在火炮支援下，从马卡里夫卡恢复对旧马约尔斯克的攻击，冲向村庄西北。前线战士报告说，乌克兰集群进攻前夕，经过密集的炮火准备，总共有几波攻击试图突破到乌罗扎伊村内。乌克兰的所有进攻均被击退。 在旧马约尔斯克附近，乌克兰的四辆装甲车被摧毁，其中两辆在雷区被炸毁，其余两辆被反坦克导弹击中。🔻同时，乌克兰第72旅的炮兵以及第1坦克旅的坦克向普里尤特涅附近的俄罗斯据点开火，掩护第36旅刚轮换上来的部队进攻村庄西北。在这几轮普里尤特涅和旧马约尔斯克持续攻势中，有趣的是，乌克兰突击部队和火力支援部队之间进行了密切协调。耨个编队的炮兵会协助另一编队的步兵，从而增强乌克兰集群的作战能力。柯基语：明显RYBAR眼红乌军在北约协助下的跨兵种协作了，哎，谁让俄罗斯连集团军内部都合成不好呢……17小时前战报请点击微博正文@军武大伊万 @水獭军一般兵 @陆瑞71136 #俄乌局势新进展##普京指责瓦格纳负责人叛国##瓦格纳集团称内战已经正式开始# 收起d,微博网页版,,,https://wx3.sinaimg.cn/orj360/3c82d175ly1hfxzm9m49yj21xg1epk6m.jpg,https://weibo.com/1015206261/Na1Q32qqC,11,54,240,红V认证
4923888867477101,2023-07-15 22:07,蜗牛柯基,https://weibo.com/1015206261?refer_flag=1001030103_,❗️🇷🇺🇺🇦 截至 2023 年 7 月 15 日 16 时阿特木斯克局势🔻乌克兰部队多次尝试袭击克里希夫卡附近的俄罗斯阵地，突击部队从多个方向攻击俄罗斯据点，希望取得成功。但俄罗斯的几支部队坚守阵地，在炮兵支援下击退了该地区的进攻。乌军撤退，代价是肉浪再次失败。昨天，俄军士兵成功在克里希夫卡西部和西北部反推，重新夺回了约500米的纵深，并站稳脚跟。🔻别尔希夫卡和罗兹多利夫卡附近前线没有重大变化。 阵地战仍是主旋律。❗️然而，乌克兰指挥部将第22机械化旅至少一个营调往迪利夫卡，明显乌军将再次试图突破克里希夫卡附近的重要高地。也许乌克兰会利用第106师师长被免职的机会大展拳脚。16小时前战报请点击微博正文@军武大伊万 @水獭军一般兵 @陆瑞71136 #俄乌局势新进展##普京指责瓦格纳负责人叛国##瓦格纳集团称内战已经正式开始# 收起d,微博网页版,,,https://wx3.sinaimg.cn/orj360/3c82d175ly1hfxxxqbfr7j21xg1npnii.jpg,https://weibo.com/1015206261/Na1sqvn8p,10,25,152,红V认证
4923887936869875,2023-07-15 22:03,蜗牛柯基,https://weibo.com/1015206261?refer_flag=1001030103_,❗️🇷🇺 又来一瓜？据报道，弗拉基米尔·塞利维斯托夫少将被免去第106近卫空降师师长职务。目前，撤职原因尚不清楚，但可能是师长不妥协的性格，他不习惯在为自己的人员问题辩护时保持沉默。塞利维斯托夫从第一天起就参加特别军事行动。 起初是基辅方向，当时的塞利维斯托夫上校也并不完全同意空降军总部的决定。 自今年1月以来，塞利维斯托夫少将率领他的师一直在阿特木斯克方向执行任务。塞利维斯托夫73年出生，参与过99年联合国科索沃维和、第二次车臣战争和俄格战争，是俄罗斯英雄，荣获“为祖国功勋”四级剑勋章，以​​及两枚勇气勋章和一枚“勇气”奖章。@棉花絮飞 @戈洛夫杨 @陆瑞71136 @外台秘要 @军武大伊万 @水獭军一般兵 #俄乌局势新进展##微博新知博主##普京指责瓦格纳负责人叛国# 收起d,微博网页版,,,https://wx3.sinaimg.cn/thumb150/3c82d175ly1hfxxtp4192j20zk0npq5g.jpg https://wx2.sinaimg.cn/thumb150/3c82d175ly1hfxxtp5obmj20le0u078s.jpg https://wx2.sinaimg.cn/thumb150/3c82d175ly1hfxxtp3pqij20go0m8ac0.jpg https://wx2.sinaimg.cn/thumb150/3c82d175ly1hfxxtpdq22j20ir0ci0v9.jpg https://wx1.sinaimg.cn/thumb150/3c82d175ly1hfxxtp3pkyj20zk0k0ju4.jpg,https://weibo.com/1015206261/Na1qVsPar,29,113,318,红V认证
4923849637895148,2023-07-15 19:31,蜗牛柯基,https://weibo.com/1015206261?refer_flag=1001030103_,❗️🇷🇺🇺🇦 截至 2023 年 7 月 15 日 13 点克里米纳局势🔻在克里米纳方向，乌克兰编队的阵地攻击仍在继续。 在塞雷布良卡林区，乌方 DRG 试图突破红迪布罗瓦，但没有成功。托尔斯克周围的前线情况目前尚无可靠的情报。 连日来，有消息称俄军向扬波利夫卡挺进，但尚未得到证实。而可以确认的是，乌军继续进攻克里米纳以西的森林。🔻在普洛先卡西南沟壑附近，乌克兰部队部署了第1总统旅第518营的增援部队。❗️而昨天，趁着倾盆大雨，乌军一个分队乘坐两辆坦克和两辆步兵战车，在卡尔马济尼夫卡附近发动了反攻。俄罗斯第21旅的自行火炮炮兵往乌克兰集群中每个目标发射了10发炮弹。 结果，两辆步兵战车被摧毁，坦克撤退。@军武大伊万 @水獭军一般兵 @陆瑞71136 #俄乌局势新进展##普京指责瓦格纳负责人叛国##瓦格纳集团称内战已经正式开始# 收起d,微博网页版,,,https://wx2.sinaimg.cn/orj360/3c82d175ly1hfxtfjrao9j21xg18rqi6.jpg,https://weibo.com/1015206261/Na0r9x7T6,5,15,92,红V认证
4923825311194015,2023-07-15 17:54,蜗牛柯基,https://weibo.com/1015206261?refer_flag=1001030103_,❗️🇷🇺🇺🇦🎞 特别军事行动俄方战区可视化总结——2023 年 7 月 14 日#俄乌局势新进展##普京指责瓦格纳负责人叛国##外交部回应瓦格纳集团事件# L蜗牛柯基的微博视频 ​,iPhone客户端,,,,https://weibo.com/1015206261/N9ZNV50Cj,7,8,72,红V认证
4923780399367449,2023-07-15 14:56,蜗牛柯基,https://weibo.com/1015206261?refer_flag=1001030103_,🇷🇺🇺🇦 反对派媒体Mediazona和BBC试图证明俄军阵亡是4.7万而不是自己统计的约2.7万志愿者查阅了俄罗斯统计局和俄罗斯遗嘱认证登记处的数据，根据超额死亡率计算出俄军于2022年应该阵亡了2.4万人，而他们只找到了14119人的死亡信息，同理推算出到今天俄军应该阵亡4.7万人（迄今为止他们统计的讣告和墓地数量微博正文）。可惜里面有一个BUG，就是这一推算数据在不同年龄段和讣告数据比例不同：例如，在20-24岁年龄段，按照超额死亡率推算的数据和能找到讣告的数据一致，而在35-39岁年龄段，这一数字超过了一倍，但这帮外国代理人无法给出解释。让柯基猜测一下，也许是covid19的原因。@棉花絮飞 @戈洛夫杨 @陆瑞71136 @外台秘要 @军武大伊万 @水獭军一般兵 #俄乌局势新进展##微博新知博主##普京指责瓦格纳负责人叛国# 收起d,微博网页版,,,https://wx3.sinaimg.cn/thumb150/3c82d175ly1hfxldm6rqfj21mo18042k.jpg https://wx2.sinaimg.cn/thumb150/3c82d175ly1hfxldm86i3j21mo180n1z.jpg,https://weibo.com/1015206261/N9YDtDiTT,10,52,206,红V认证
4923692699620771,2023-07-15 09:08,蜗牛柯基,https://weibo.com/1015206261?refer_flag=1001030103_,❗️🇷🇺🇺🇦 截至 2023 年 7 月 14 日 24 点南顿涅茨克局势🔻在大诺沃西尔卡地区，最激烈的战斗发生在乌罗扎因方向。经过大规模炮兵准备后，乌克兰机动部队试图突破俄罗斯在该地区的防御。尽管继续损失，但乌克兰人的攻击却没有停止。 不过，目前还没有任何进展。🔻乌克兰部队还在攻击新多涅齐克、旧马约尔斯克和普里尤特涅。 而俄罗斯部队向利夫诺波尔和列瓦德涅空袭和炮击，打击乌军集结点。29小时前战报请点击微博正文@军武大伊万 @水獭军一般兵 @陆瑞71136 #俄乌局势新进展##普京指责瓦格纳负责人叛国##瓦格纳集团称内战已经正式开始# 收起d,微博网页版,,,https://wx2.sinaimg.cn/orj360/3c82d175ly1hfx4772q7pj22ik1u44kc.jpg,https://weibo.com/1015206261/N9Wm1EmNJ,4,38,199,红V认证
4923680368627898,2023-07-15 08:19,蜗牛柯基,https://weibo.com/1015206261?refer_flag=1001030103_,❗️🇷🇺🇺🇦 截至 2023 年 7 月 14 日阿特木斯克局势阿特木斯克侧翼的战斗仍在继续。🔻前一天，在别尔希夫卡地区，俄近卫第98空降师发起局部攻势，向水库以南推进。来自前线报道说，今天凌晨 5 点，乌军在炮兵支援下试图夺回失去的阵地，一群乌克兰步兵乘坐两辆装甲车抵达该地区。然而在VDV火力下，一辆被毁，另一辆撤退。🔻克里希夫卡附近的激烈战斗仍在继续。 乌军以机动部队作战，不断试图突破村庄西边的林区，夺取战术高地。 在该地区行动的俄罗斯特种部队击退了乌克兰人攻击并捕获一些俘虏。鉴于该方向乌军日益集中，增援部队不断调动，如果不能及时支援守卫防线的俄军部队兵力，还是有被突破的危险。三天前战报请点击微博正文@军武大伊万 @水獭军一般兵 @陆瑞71136 #俄乌局势新进展##普京指责瓦格纳负责人叛国##瓦格纳集团称内战已经正式开始# 收起d,微博网页版,,,https://wx2.sinaimg.cn/orj360/3c82d175ly1hfx3zf9yc0j21k61c9h1b.jpg,https://weibo.com/1015206261/N9W28AcvE,6,29,86,红V认证
4923665521575979,2023-07-15 07:20,蜗牛柯基,https://weibo.com/1015206261?refer_flag=1001030103_,❗️🇷🇺🇺🇦 截至 2023 年 7 月 14 日 24 点斯瓦托局势🔻新舍利夫斯克方向的战斗仍在继续。俄罗斯部队在仓库区的铁路沿线牢牢占据阵地，并从那里进行突击行动，以夺取战术高地。 村庄南边邻近林带的清理工作仍在继续。新舍利夫斯克原本就几乎完全被摧毁，位于灰色地带。 由于缺乏合适的掩体，且空中有大量乌方无人机，定居点内的清理行动十分困难。乌克兰武装部队正在斯捷利马希夫卡集中兵力，以阻止俄罗斯军队下一步可能的推进。尽管俄罗斯炮兵不断的对其进行打击，但乌克兰人仍不断从那里向新舍利夫斯克调派增援部队。38小时前战报请点击微博正文@军武大伊万 @水獭军一般兵 @陆瑞71136 #俄乌局势新进展##普京指责瓦格纳负责人叛国##瓦格纳集团称内战已经正式开始# 收起d,微博网页版,,,https://wx3.sinaimg.cn/orj360/3c82d175ly1hfx3r62c75j22231qianp.jpg,https://weibo.com/1015206261/N9VEc6BZ1,7,9,81,红V认证
4923542641315820,2023-07-14 23:11,蜗牛柯基,https://weibo.com/1015206261?refer_flag=1001030103_,️🇺🇦 乌克兰国民警卫队司令称乌军正在准备向赫尔松和阿瓦迪夫卡方向进攻#俄乌局势新进展##普京指责瓦格纳负责人叛国##外交部回应瓦格纳集团事件# ​,微博网页版,,,https://wx3.sinaimg.cn/orj360/3c82d175ly1hfwu66taxxj20zk0gmjsm.jpg,https://weibo.com/1015206261/N9Ss05wiU,1,28,96,红V认证
4923538564191164,2023-07-14 22:55,蜗牛柯基,https://weibo.com/1015206261?refer_flag=1001030103_,🇷🇺🇧🇾 普里戈津在白俄罗斯营地#俄乌局势新进展##普京指责瓦格纳负责人叛国##外交部回应瓦格纳集团事件# ​,微博网页版,,,https://wx4.sinaimg.cn/orj360/3c82d175ly1hfwtpdjtb0j20qo0zkwg7.jpg,https://weibo.com/1015206261/N9SlqhAjq,11,44,165,红V认证
4923462486853640,2023-07-14 17:53,蜗牛柯基,https://weibo.com/1015206261?refer_flag=1001030103_,❗️🇷🇺🇺🇦🎞 特别军事行动俄方战区可视化总结——2023 年 7 月 13 日#俄乌局势新进展##普京指责瓦格纳负责人叛国##外交部回应瓦格纳集团事件# L蜗牛柯基的微博视频 ​,iPhone客户端,,,,https://weibo.com/1015206261/N9QmIsKWA,1,6,61,红V认证
4923369986727867,2023-07-14 11:45,蜗牛柯基,https://weibo.com/1015206261?refer_flag=1001030103_,🇷🇺🇺🇦 ISW 7 月 13 日报告摘录“波波夫在泄露的音频中声称，绍伊古因他表达了对俄罗斯缺乏反炮兵作战能力、缺乏炮兵侦察站、乌克兰炮火造成俄罗斯重大伤亡等问题的担忧而解雇了他。据报道，波波夫将这段录音分发给了第 58 集团军的指挥官、人员和退伍军人。”“瓦格纳叛乱发生后不到一个月，波波夫就将自己等同于叛乱领袖，无论他是否有意让录音泄露。波波夫可能试图呼吁克宫部分或全部剥夺格拉西莫夫的指挥权。”“波波夫很可能效仿了特普林斯基三月份成功吸引普京的做法，以期获得普京的支持，实现自己的预期目标。特普林斯基于 1 月份因空降兵部队在苏勒答尔周围使用人海战术而与格拉西莫夫发生冲突而暂时辞职，之后利用退伍军人社区的关系直接向普京呼吁，以争取对内部反格拉西莫夫组织的支持，目前据称晋升为战区副司令。”“俄罗斯在乌克兰战争中的三位重要人物（特普林斯基、普里戈津和波波夫）均试图削弱格拉西莫夫和绍伊古的权威，因为他们深切担心其部队的消耗。”“俄方博主还表示担心，瓦格纳武装叛乱后俄罗斯高级指挥官持续直言不讳的不满可能会为俄军进行武装抗议开创先例。”“华尔街日报 7月13日报道称，瓦格纳叛乱后，俄罗斯拘留了至少13名高级军官（包括苏罗维金和米津采夫），并停职或解雇了约15名高级军官。”“乌总参报告说，俄军发射了 20 架 Shahed-131/136 无人机、两枚“口径”导弹，以及一枚“伊斯坎德尔-M”导弹。乌防空系统击落了全部20架“沙赫德”无人机和两枚“口径”导弹。”“7 月 11 日发布的地理定位视频显示，乌军最近在克拉斯诺格夫卡以北（阿瓦迪夫卡以北 9 公里）取得了有限的进展。”#俄乌局势新进展##普京指责瓦格纳负责人叛国##瓦格纳集团称内战已经正式开始# 收起d,微博网页版,,,https://wx2.sinaimg.cn/thumb150/3c82d175ly1hfwac9e2p4j21yu3su4qv.jpg https://wx4.sinaimg.cn/thumb150/3c82d175ly1hfwac9efnrj21yu3hlx6u.jpg https://wx2.sinaimg.cn/thumb150/3c82d175ly1hfwac95v57j21yu2qxhdv.jpg,https://weibo.com/1015206261/N9NXwsedZ,8,47,138,红V认证
4923329054770736,2023-07-14 09:03,蜗牛柯基,https://weibo.com/1015206261?refer_flag=1001030103_,❗️🇷🇺🇺🇦 截至 2023 年 7 月 13 日 24 点斯瓦托局势多个消息来源同时宣布俄军已经占领新舍利夫斯克。 截至目前，该消息尚未得到证实，但俄罗斯突击分队今天早上确实对定居点发动了攻击。鉴于最近几天发生了向南的战斗，新舍利夫斯克和村庄周围的确切接触线位置仍不清楚。 然而，如果村庄被俄军占领，那邻近的林带也会被清理。所以村庄南面的战斗很可能仍在继续。 而在这种情况下，乌克兰是否会引入驻守斯捷利马希夫卡阵地的新第32机械化旅兵力来稳定局势，值得期待。11小时前战报请点击微博正文@军武大伊万 @水獭军一般兵 @陆瑞71136 #俄乌局势新进展##普京指责瓦格纳负责人叛国##瓦格纳集团称内战已经正式开始# 收起d,微博网页版,,,https://wx4.sinaimg.cn/orj360/3c82d175ly1hfvyfs397yj22231qi4c7.jpg,https://weibo.com/1015206261/N9MTvk15m,15,48,250,红V认证
4923321755895111,2023-07-14 08:34,蜗牛柯基,https://weibo.com/1015206261?refer_flag=1001030103_,❗️🇷🇺🇺🇦 截至 2023 年 7 月 13 日马林卡之战情况在俄军清理了乌克兰大片防御区后，乌克兰编队发起反击，迫使俄军脱离阵地撤退。过去一周，俄罗斯军队多次尝试进攻“动物园”，但无果而终。 乌克兰部队在该地区挖掘了加固战壕，通过地下通道提供物资。如果不向马林卡以南更广阔的战线推进，俄罗斯军队在该地区的前进是徒劳的。 为了进行更有效的攻击，需要在波别达和新梅哈伊利夫卡方向同时采取进攻行动。这将从南面拉平战线，并切断新梅哈伊利夫卡的乌军集群补给。 在此之前，“动物园”将继续矗立在俄军面前，无法逾越。❗️马林卡市区没有重大变化。车臣部队在短暂交战后从该市撤出。 一架乌克兰战斗机今天被俄罗斯第150师击落。@军武大伊万 @水獭军一般兵 @陆瑞71136 #俄乌局势新进展##普京指责瓦格纳负责人叛国##瓦格纳集团称内战已经正式开始# 收起d,微博网页版,,,https://wx4.sinaimg.cn/orj360/3c82d175ly1hfvy7fg8djj21h91a0qew.jpg,https://weibo.com/1015206261/N9MHJoJAr,8,46,217,红V认证
4923308921324208,2023-07-14 07:43,蜗牛柯基,https://weibo.com/1015206261?refer_flag=1001030103_,❗️🇷🇺🇺🇦 截至 2023 年 7 月 13 日 19 点南顿涅茨克局势乌克兰第36海军陆战旅在第72旅炮兵的支援下，突破了普里尤特涅以北沟壑区的俄罗斯防御，并沿着森林带前进。 同时，乌克兰第31旅对沟壑区以南也发动了大规模进攻。而乌克兰第35旅和第128国土防卫旅的联合突击集群在60毫米M224迫击炮的掩护下，冲到了旧马约尔斯克的西部郊区。俄罗斯步兵、炮兵和航空兵的协同行动击退了乌克兰人的进攻，乌军撤退，伤员已从沟壑地带撤离。❗️大诺沃西尔卡地区局势依然紧张。 乌克兰部队在人力损失的情况下突破了普里尤特涅以北的沟壑区，现在正试图攻击俄军普里尤特涅-旧马约尔斯克防线。53小时前战报请点击微博正文@军武大伊万 @水獭军一般兵 @陆瑞71136 #俄乌局势新进展##普京指责瓦格纳负责人叛国##瓦格纳集团称内战已经正式开始# 收起d,微博网页版,,,https://wx2.sinaimg.cn/orj360/3c82d175ly1hfvxuoddp3j22ik1u4e28.jpg,https://weibo.com/1015206261/N9Mn25yuc,3,23,77,红V认证
4923295835359010,2023-07-14 06:51,蜗牛柯基,https://weibo.com/1015206261?refer_flag=1001030103_,🇷🇺🇺🇦 乌军就是这样进攻热列比扬基的，现代肉浪！在俄罗斯炮兵和航空兵的打击下，乌克兰先头部队在沿着通往热列比扬基的道路上就岌岌可危，然后视频中断，乌克兰人匆忙撤回派特科哈特。📌乌方宣传该视频的标题是“史诗般的战斗”。柯基语：史诗般的肉浪~#俄乌局势新进展##普京指责瓦格纳负责人叛国##瓦格纳集团称内战已经正式开始# L蜗牛柯基的微博视频 收起d,微博视频号,,,,https://weibo.com/1015206261/N9M1Vmu7E,17,39,148,红V认证
4923192642899453,2023-07-14 00:00,蜗牛柯基,https://weibo.com/1015206261?refer_flag=1001030103_,❗️🇷🇺🇺🇦 截至 2023 年 7 月 13 日 17 点赫尔松局势🔻在安托尼夫卡桥，乌克兰部队仍然坚守据点。乌克兰第 124 旅又从安托尼夫卡派遣了几艘载有弹药的船只和人员前往这些桥头堡。船只遭到俄罗斯部队的猛烈火力打击，一艘载有人员的船被毁，其余船只返回。 这是两天内乌方第二次尝试过河。🔻在整个赫尔松前线，乌克兰的炮兵和迫击炮部队加强了对俄罗斯阵地的炮击。同时，三架 Bayraktar 无人机几乎每天都在赫尔松方向上空飞行（整个前线能同时观察到七架无人机），这应该是因为土耳其交付了新批次的无人机。🔻原部署在佐洛塔巴尔卡和奥索科里夫卡附近的第121旅，特别是其第175营的一支突击队被派往新的方向，可能是扎波罗热。一天前战报请点击微博正文@军武大伊万 @水獭军一般兵 @陆瑞71136 #俄乌局势新进展##普京指责瓦格纳负责人叛国##瓦格纳集团称内战已经正式开始# 收起d,微博网页版,,,https://wx1.sinaimg.cn/orj360/3c82d175ly1hfvpz5pfecj22hc1e9kbs.jpg,https://weibo.com/1015206261/N9Jlucahn,2,23,89,红V认证
4923189627718065,2023-07-13 23:48,蜗牛柯基,https://weibo.com/1015206261?refer_flag=1001030103_,❗️🇷🇺🇺🇦 截至 2023 年 7 月 13 日 18 点阿瓦迪夫卡之战情况🔻乌克兰部队对阿瓦迪夫卡周围的俄罗斯阵地发动了多次攻击。 前线报道称，乌克兰第53旅对克拉斯诺格夫卡进行了数次袭击。谢韦尔内一侧到森林地带的俄罗斯战线也遭到了类似的进攻，几天前，这些据点在激烈战斗中被俄罗斯占领。不同的是，在克拉斯诺格夫卡附近，乌军分队使用小型步兵队伍的战术，在沃达尼方向上，乌军使用装甲车进行掩护。 但最终，进攻都被击退。🔻乌克兰部队在该地区进行反击很明显是由于俄罗斯部队长达数月向北缓步推进，目前已经逼近了该村庄。如果没有谢韦尔内的支持，进一步进攻看起来极其困难，就像需要克拉斯诺格夫卡一样。 只有从两侧进行掩护，才有可能包围阿瓦迪夫卡，真正的开启阿瓦迪夫卡之战。 乌克兰部队明白这一点，因此正在努力夺回失去的东西。@军武大伊万 @水獭军一般兵 @陆瑞71136 #俄乌局势新进展##普京指责瓦格纳负责人叛国##瓦格纳集团称内战已经正式开始# 收起d,微博网页版,,,https://wx2.sinaimg.cn/orj360/3c82d175ly1hfvpmnfdbij223v1pa7pr.jpg,https://weibo.com/1015206261/N9JgCwnOV,4,14,85,红V认证
4923157889423306,2023-07-13 21:42,蜗牛柯基,https://weibo.com/1015206261?refer_flag=1001030103_,❗️🇷🇺🇺🇦 截至 2023 年 7 月 13 日 16 点胡里艾伯勒局势今天，俄军风暴突击队在胡里艾伯勒方向发动突袭，占领了马尔福皮利以北的多个据点，并向切尔沃涅附近的水库挺进。俄罗斯炮兵积极用火力支援突击队。 显然，乌克兰部队没有预料到俄罗斯军队会在该地区出动。胡里艾伯勒附近很长一段时间没有发生激烈冲突。 乌克兰部队在该地区最后一次最大规模的进攻发生在去年，当时俄罗斯军队摧毁了乌克兰的一个坦克纵队。柯基语：哎哟，灵活了，要在库班和大诺沃西尔卡中间弄个突出部？@军武大伊万 @水獭军一般兵 @陆瑞71136 #俄乌局势新进展##普京指责瓦格纳负责人叛国##瓦格纳集团称内战已经正式开始# 收起d,微博网页版,,,https://wx3.sinaimg.cn/orj360/3c82d175ly1hfvlzfyz0fj23341qidz8.jpg,https://weibo.com/1015206261/N9IrqDxqO,18,77,493,红V认证
4923140079360039,2023-07-13 20:32,蜗牛柯基,https://weibo.com/1015206261?refer_flag=1001030103_,❗️🇷🇺🇺🇦 截至 2023 年 7 月 13 日 14 点扎波罗热局势🔻库班这边，罗博季涅东北仍然在激烈的战斗。 俄罗斯第71团7连的据点控制权已经掌握在俄军手中，但附近仍有乌军存在。如果乌军继续在此处进攻，能够进一步向罗博季涅和韦尔博韦造成威胁。乌方DRG已经对第291团阵地进行了武力侦察，但俄军击退了这次攻击。与此同时，在小托克马奇卡附近，乌克兰第47旅指挥部发放了干粮和D-5烟雾弹，准备开始投入进攻🔻西边卡缅西克方向，乌克兰第10军的先头部队乘坐M113，在烟幕掩护下，再次试图在派特尔哈特站稳脚跟，但遭到俄军猛烈打击，并躲进了掩护。从乌克兰部队的活动来看，卡缅西克方向是本次大反攻主要地区之一。乌克兰第10军组建了 12 个突击分队，就在昨天，一个坦克纵队向南面前线开拔。❗️乌克兰的进攻很可能沿着接触线多点同步进行，部分乌军增援部队调往比洛吉尔亚。显然，乌克兰部队期望利用波波夫少将被解除指挥权以及前线战士士气受到打击的机会。 因此，乌克兰的下一批部队，包括信息战部队，应该会开始上阵。柯基语：简中军团还不赶紧跟着造势？22小时前战报请点击微博正文@军武大伊万 @水獭军一般兵 @陆瑞71136 #俄乌局势新进展##普京指责瓦格纳负责人叛国##瓦格纳集团称内战已经正式开始# 收起d,微博网页版,,,https://wx2.sinaimg.cn/orj360/3c82d175ly1hfvjxtyojmj223d1gd1a0.jpg,https://weibo.com/1015206261/N9HYHDgYn,4,39,115,红V认证
4923079736166124,2023-07-13 16:32,蜗牛柯基,https://weibo.com/1015206261?refer_flag=1001030103_,🇷🇺🇺🇦 ISW 7 月 12 日报告摘录1、乌方信源于12日提供地理定位证据，驳斥俄方信源关于俄军11日起推进到托尔斯克东部的说法2、俄方信源称，截至12日，乌军正在普里尤特涅以北和以西推进3、俄方信源12号称，俄军击退了罗博季涅东北的乌方进攻4、俄方信源称，乌军于10号占领了安托尼夫卡桥以南的Portal V Les酒店正文摘抄“7 月 12 日，七国集团联盟和北约在维尔纽斯举行的峰会上签署协议，向乌克兰提供长期安全承诺。”柯基语：主要是小本子加入“乌克兰在峰会第二天签署了更多双边协议。澳大利亚将增派30辆Bushmaster装甲车。英国将额外提供5000万英镑的援助，包括挑战者的额外弹药。挪威将提供额外的NASAM，包括两个额外的火控中心、两个发射装置和备件。日本将向乌克兰提供3000万美元的无人机探测系统。”“许多俄方博主声称，这次峰会对乌克兰来说是一次失败，因为乌克兰没有立即获得北约资格。”柯基语：没毛病，不知道有些人开心啥，除了日本来了，有什么变化嘛？难道是因为日本加入而欢欣鼓舞？“乌总参称，乌克兰部队取得了部分成功，并沿前线向别尔江斯克方向推进。”柯基语：再次提醒一下乌总参，你们离别尔江斯克直线距离还有120公里……“乌军方称，俄罗斯从发射了15架“沙赫德”无人机，乌防空部队击落了其中11架。”柯基语：经典一架没击落重现……“俄MOD宣布，瓦格纳已几乎全部将武器和军事装备移交给国防部，转让了2000多件装备和武器。包括T-90、T-80和T-72、多管火箭炮、防空导弹、榴弹炮、反坦克炮、迫击炮、装甲牵引车、装甲运兵车等。”“吉尔金声称，普京核心圈子的某些成员可能会推动结束战争，以罢黜普京。 吉尔金声称，普里戈津的叛乱成功了，导致了权力重新分配，包括绍伊古、莫斯科州长和莫斯科市在内的权力结构已被削弱。吉尔金声称，奥泽罗合作社（列宁格勒州几名普京核心圈子成员联合起来的协会）想要推翻普京，转而支持自己的一名成员，比如普里戈津或基里延科，首要目的是破坏俄罗斯的军事行动、国防工业基地（DIB）和对后方的控制，让普京认识到必须接受战争失败。奥泽罗合作社的目标将主要是MOD和FSB。””7 月 12 日发布的地理定位视频显示，俄军并未在托尔斯克（克里米纳以西 14 公里）占据阵地。“”乌总参证实，乌军对别尔江斯克的一家酒店进行了直接袭击，但俄方称风暴阴影袭击的是第58集团军司令部，炸死了南部军区副司令佐科夫中将。“柯基语：不是司令部就是乌方炸平民呗，这也洗？”俄方称，乌军于7月11日使用西方集束弹药袭击了托克马克郊区，但乌军拥有非西方集束弹药库存，ISW尚未看到袭击托克马克的目视确认。“柯基语：声嘶力竭#俄乌局势新进展##普京指责瓦格纳负责人叛国##外交部回应瓦格纳集团事件# 收起d,微博网页版,,,https://wx1.sinaimg.cn/thumb150/3c82d175ly1hfvczyy44wj21yu3su4qv.jpg https://wx3.sinaimg.cn/thumb150/3c82d175ly1hfvczyveagj21yu3hlx6u.jpg https://wx2.sinaimg.cn/thumb150/3c82d175ly1hfvczydyn6j21yu2qxhdv.jpg https://wx2.sinaimg.cn/thumb150/3c82d175ly1hfvczydoccj21yu2wi7wk.jpg,https://weibo.com/1015206261/N9GpnpS5C,5,8,48,红V认证
4923065178001380,2023-07-13 15:34,蜗牛柯基,https://weibo.com/1015206261?refer_flag=1001030103_,❗️🇷🇺🇺🇦 截至 2023 年 7 月 13 日 10 点斯瓦托局势新舍利夫斯克附近的战斗仍在继续。 在村庄火车站附近，双方进行阵地战。 目前俄方控制线沿铁路线延伸。往南一些，俄罗斯突击分队正在向乌克兰阵地推进。 乌克兰部队顽强地试图守住森林地带的据点，第32旅的炮兵和迫击炮兵对俄军进行弹幕射击。南面高地位置在战术上很重要，如果占领，将使新舍利夫斯克进入半包围圈，并可以向斯捷利马希夫卡方向发展，因此乌方正在尽全力守卫。@军武大伊万 @水獭军一般兵 @陆瑞71136 #俄乌局势新进展##普京指责瓦格纳负责人叛国##瓦格纳集团称内战已经正式开始# 收起d,微博网页版,,,https://wx3.sinaimg.cn/orj360/3c82d175ly1hfvbc54i87j22231qik56.jpg,https://weibo.com/1015206261/N9G1Txzww,6,13,101,红V认证
4923055954986992,2023-07-13 14:57,蜗牛柯基,https://weibo.com/1015206261?refer_flag=1001030103_,❗️🇷🇺🇺🇦🎞 特别军事行动俄方战区可视化总结——2023 年 7 月 12 日#俄乌局势新进展##普京指责瓦格纳负责人叛国##外交部回应瓦格纳集团事件# L蜗牛柯基的微博视频 ​,iPhone客户端,,,,https://weibo.com/1015206261/N9FN1kVlm,3,3,57,红V认证
4922961632695156,2023-07-13 08:43,蜗牛柯基,https://weibo.com/1015206261?refer_flag=1001030103_,🇷🇺 今日大瓜，前第58集司令伊万·波波夫少将公开向队伍发表讲话，承认根据高级指挥官的决定而辞职——RYABR小作文又来了▪️波波夫表示，需要轮换前线战士，他们已经一次又一次地成功击退了扎波罗热前线乌军的攻势。由于高层拒绝，据传他宣布将直接向最高统帅报告。随后他表示自己被通知已经被军队除名。▪️西方和乌克兰媒体都强调了波波夫被指控“勒索”总参谋长。虽然实际过程不清楚，但结果是波波夫离开军队。▪️很明显波波夫被解职的消息传出，前线的战士将士气大跌。 是的，波波夫可能有他的错。 但在艾哈迈多夫为了“英雄之星”的荣耀而牺牲了数十名士兵的衬托下，波波夫显然脱颖而出。扩展阅读艾哈迈多夫少将小作文：微博正文▪️波波夫和格拉西莫夫之间的冲突凸显了一个重要问题：俄罗斯部队内部山头林立缺乏团结。 而敌人肯定会利用这一点。 无论抹黑造谣，还是添油加醋，而最可悲的事情是前线将士的士气。▪️希望将军们能好好做这次政治公关，有没有立场僵化着称的帽子就看是否披露波波夫的错误了，这样才能让军队恢复共同的信心。#俄乌局势新进展##普京指责瓦格纳负责人叛国##瓦格纳集团称内战已经正式开始# ​​​ 收起d,微博网页版,,,https://wx2.sinaimg.cn/orj360/3c82d175ly1hfutyji1brj20hh07v74l.jpg,https://weibo.com/1015206261/N9DkTbj8g,43,184,707,红V认证
4922943513299697,2023-07-13 07:31,蜗牛柯基,https://weibo.com/1015206261?refer_flag=1001030103_,❗️🇷🇺🇺🇦 截至 2023 年 7 月 11 日阿特木斯克局势🔻在克里希夫卡地区，乌克兰第3突击旅试图再次突破俄罗斯防线并占领制高点。 据前线反馈，俄罗斯部队不仅坚守住了阵地，还将乌克兰人从定居点击退，并清理了郊区的山丘。🔻罗兹多利夫卡附近，乌克兰第54机械旅正试图向雅科夫列夫卡方向前进，意图切断苏勒答尔的补给线。 乌军利用地形，将人力和设备运送到河边，在那里下车并前往森林地带。从网络上出现的画面来看，目前这里是“灰色地带”，俄军只用炮火摧毁，并没有试图取得立足点。坐标：48.725164，38.109477🔻尽管乌克兰武装部队进攻失败，但前线形势依然严峻：仅在恰索夫亚尔地区，就集中了3个旅的12个突击大队，配备了装甲车。明显乌方将这些人员和装备消耗掉换取俄罗斯炮弹的枯竭，并企图将防线继续向东推进。柯基语：地形单独给出图方便大家看。另外突然感慨一下，没想到一年了我还在标注这些地名……可以预见到年底还会这样一天前战报请点击微博正文微博正文@军武大伊万 @水獭军一般兵 @陆瑞71136 #俄乌局势新进展##普京指责瓦格纳负责人叛国##瓦格纳集团称内战已经正式开始# 收起d,微博网页版,,,https://wx1.sinaimg.cn/thumb150/3c82d175ly1hfutmcgeqij21xg1nph7n.jpg https://wx4.sinaimg.cn/thumb150/3c82d175ly1hfutmh9rddj20w90f919z.jpg,https://weibo.com/1015206261/N9CRFdQoV,11,39,131,红V认证
4922816334660507,2023-07-12 23:05,蜗牛柯基,https://weibo.com/1015206261?refer_flag=1001030103_,❗️🇷🇺🇺🇦 截至 2023 年 7 月 12 日 17 点赫尔松局势🔻乌克兰编队继续在高速艇的帮助下向安托尼夫卡桥头堡部队提供补给，赫尔松和萨多韦地区的乌军炮兵为其提供火力掩护。虽然俄罗斯军队位于以南数百米处，但在桥头堡站稳脚跟的乌克兰部队并未采取进攻行动，来自右岸较高处的乌军火力阻止了这些部队被俄军轻松炮击。🔻与此同时，乌克兰DRG继续在第聂伯河岛屿地区和左岸积极活动。 乌军还利用潜水员清除雷区。🔻在赫尔松地区，乌克兰战斗机继续飞行，但最近Su-25攻击机接连被俄罗斯军队摧毁后，不再靠近河岸。@军武大伊万 @水獭军一般兵 @陆瑞71136 #俄乌局势新进展##普京指责瓦格纳负责人叛国##瓦格纳集团称内战已经正式开始# 收起d,微博网页版,,,https://wx3.sinaimg.cn/orj360/3c82d175ly1hfuir9exlzj21xg1314ay.jpg,https://weibo.com/1015206261/N9zyxjypt,4,14,74,红V认证
4922812114665605,2023-07-12 22:48,蜗牛柯基,https://weibo.com/1015206261?refer_flag=1001030103_,❗️🇷🇺🇺🇦 截至 2023 年 7 月 12 日 16 点扎波罗热局势🔻在罗博季涅东北，俄罗斯军队正在对进攻第 71 团据点的乌克兰第 47 旅突击队进行反击，两天前，乌克兰军队刚以人员和装备为代价才夺取了这一据点。到目前为止，乌克兰部队仍然坚守着林带部分阵地，但在俄罗斯部队的猛攻下，已经开始向库班方向撤退。🔻据前线透露，乌克兰的三个突击小组再次试图进入位于“灰色地带”的派特科哈特村，但被炮火驱散。 往东一些，另一支部队也同样遭到俄罗火力阻击并撤至北部。🔻虽然乌军在该地区的再一次进攻以失败告终，但乌克兰将重新集结并恢复实力，尝试向托克马克方向发起新的攻势。@军武大伊万 @水獭军一般兵 @陆瑞71136 #俄乌局势新进展##普京指责瓦格纳负责人叛国##瓦格纳集团称内战已经正式开始# 收起d,微博网页版,,,https://wx1.sinaimg.cn/orj360/3c82d175ly1hfui9u3x9ej21xg1caqhz.jpg,https://weibo.com/1015206261/N9zrJjzJH,9,28,161,红V认证
4922761359919641,2023-07-12 19:27,蜗牛柯基,https://weibo.com/1015206261?refer_flag=1001030103_,❗️🇷🇺🇺🇦🎞 特别军事行动俄方战区可视化总结——2023 年 7 月 11 日#俄乌局势新进展##普京指责瓦格纳负责人叛国##外交部回应瓦格纳集团事件# L蜗牛柯基的微博视频 ​,iPhone客户端,,,,https://weibo.com/1015206261/N9y7RFCyd,7,10,72,红V认证
4922759166298653,2023-07-12 19:18,蜗牛柯基,https://weibo.com/1015206261?refer_flag=1001030103_,🇺🇦 球长在峰会发表讲话▪️峰会成果不错，但如果能收到北约邀请就更好了。▪️乌克兰认识到战争期间无法加入北约；▪️如果G7重申安全保证那将更成功。#俄乌局势新进展##普京指责瓦格纳负责人叛国##瓦格纳集团称内战已经正式开始# ​​​,微博网页版,,,https://wx4.sinaimg.cn/orj360/3c82d175ly1hfuc6v71o7j20zl0k148f.jpg,https://weibo.com/1015206261/N9y4kqqzb,6,30,154,红V认证
4922736943830296,2023-07-12 17:50,蜗牛柯基,https://weibo.com/1015206261?refer_flag=1001030103_,最硬气的乞讨者，没有之一#俄乌局势新进展##普京指责瓦格纳负责人叛国##外交部回应瓦格纳集团事件# ​,微博网页版,,,https://wx4.sinaimg.cn/thumb150/3c82d175ly1hfu9mtamedj20ni0p3ac3.jpg https://wx4.sinaimg.cn/thumb150/3c82d175ly1hfu9mtd1apj213h0inaph.jpg https://wx3.sinaimg.cn/thumb150/3c82d175ly1hfu9mtam03j20i70bcdnu.jpg https://wx4.sinaimg.cn/thumb150/3c82d175ly1hfu9mtanbaj20ir0eotim.jpg https://wx3.sinaimg.cn/thumb150/3c82d175ly1hfu9mtahbuj20ii0c6n4x.jpg,https://weibo.com/1015206261/N9xuug4qY,4,27,112,红V认证
4922714681509897,2023-07-12 16:21,蜗牛柯基,https://weibo.com/1015206261?refer_flag=1001030103_,"🇷🇺🇺🇦 绍伊古接受专访披露俄方战果，同时国防部披露外国雇佣兵数量1、6月4日以来，敌军损失已达两万六千余人，各类武器三千余件。2、损失的装备包括21 架飞机、5 架直升机、1,244 辆坦克和其他装甲战车。其中有17辆德国豹式坦克、5辆法国AMX轮式坦克和12辆美国布拉德利步兵战车。3、此外，俄军还击毁特种军用车辆914辆、防空导弹系统2套、多管火箭战车25辆、野战火炮和迫击炮403门。4、再强调一遍，403门火炮，其中包括43门美国M777火炮和46门来自波兰、美国和法国的自行火炮。5、防空系统击落176枚HIMARS火箭、27枚“风暴阴影”巡航导弹和483架无人机。6、自2022年3月以来，国防主要类型武器、军事和特种装备的采购和现代化数量增加了1.8倍。到 2023 年，这一数字将比 2022 年初增加 5 倍以上。这里有些例子：“Orlan-10”和“Orlan-30”无人机的交付量增加了53倍。卡玛斯多用途车辆的交付量增加了 17.6 倍。乌拉尔车辆厂将 T-72 和 T-90 坦克的交付量和大修量增加了 3.6 倍。库尔干机械制造厂将BMP-3的供应量和大修量增加了2.1倍。阿尔扎马斯机械制造厂将BTR-82A的供应量增加了4倍，“Tiger-M”的供应量增加了2倍。Ka-52直升机的供应量增加了2倍，Mi-28增加了3倍。乌拉尔汽车厂将汽车供应量增加了近8倍。7、自2022年2月24日以来，共有来自84个国家的11,675名外国雇佣兵正式抵达乌克兰，加入乌克兰武装部队一边参加敌对行动。 2022年3月至4月，抵达乌克兰的雇佣军数量最多，但在遭受首次损失后，抵达的动力急剧下降。人数最多的团体来自波兰（超过 2600 人）、美国和加拿大（900 人或以上）、格鲁吉亚（800 人以上）、英国和罗马尼亚（各 700 人或以上）、克罗地亚（300 人以上） ），以及来自法国和土耳其控制的叙利亚地区（各 200 人或更多）。8、截至6月30日，美国、加拿大和欧洲绝大多数国家的4845名外国雇佣兵被消灭已得到可靠证实。另有4,801名外国武装分子在察觉基辅政权态度后逃离乌克兰领土。如今，2029 名雇佣兵继续在乌克兰武装部队中服役。#俄乌局势新进展##普京指责瓦格纳负责人叛国##外交部回应瓦格纳集团事件# 收起d",微博网页版,,,https://wx2.sinaimg.cn/orj360/3c82d175ly1hfu72yjl7uj20n20d2n4f.jpg,https://weibo.com/1015206261/N9wUA6kNb,22,116,522,红V认证
4922662121637102,2023-07-12 12:52,在下李明空,https://weibo.com/7010676517?refer_flag=1001030103_,瓦格纳pmc 叛乱事件中的造型！主要凸显的就是一个穿搭混乱。#关注俄乌局势最新进展##普京指责瓦格纳负责人叛国# @RogueSpear1999 ​,iPhone客户端,,,https://wx3.sinaimg.cn/thumb150/007Es5dHly1hfu10f828nj335s1t91ky.jpg https://wx1.sinaimg.cn/thumb150/007Es5dHly1hfu10io4znj32u843qhdu.jpg https://wx2.sinaimg.cn/thumb150/007Es5dHly1hfu10cbxa8j32ms3rqe82.jpg https://wx1.sinaimg.cn/thumb150/007Es5dHly1hfu10le136j32o540g7wi.jpg https://wx2.sinaimg.cn/thumb150/007Es5dHly1hfu10mzn1sj32nw403x6p.jpg https://wx2.sinaimg.cn/thumb150/007Es5dHly1hfu10q4e5yj32u849c4qr.jpg,https://weibo.com/7010676517/N9vxO6RSS,2,1,6,没有认证
4922628399172499,2023-07-12 10:38,不眠人_CN,https://weibo.com/1957726697?refer_flag=1001030103_,《三国演义》里有个故事叫做“周瑜打黄盖”！延宕至今的#俄乌战争# ，以#瓦格纳的24小时哗变# 为转折点，转向俄、乌、北约#三角战# ！#普京指责瓦格纳负责人叛国# ，将来会不会被说成“周瑜打黄盖”呢？！#终于知道周瑜打黄盖的原因了#,iPhone客户端,,,,https://weibo.com/1957726697/N9uFpCubx,0,5,2,蓝V认证
4922609562813629,2023-07-12 09:24,蜗牛柯基,https://weibo.com/1015206261?refer_flag=1001030103_,🇺🇦🇫🇷🇬🇧 法国提供SCALP，和风暴阴影相比，应该注意什么马克龙正式宣布向乌克兰转让 SCALP-ER 巡航导弹，该导弹类似于之前交付给乌克兰武装部队的“风暴阴影”导弹。 两种弹药具有相同的布局、发动机、惯性导航系统和其他部件。然而，法国导弹可以配备相当不一样的有效载荷——MIFF / MUSPA 反坦克和杀伤人员地雷，还可以携带特殊的 KRISS 跑道拆除弹药和混凝土穿孔弹。📌 据报道，法国计划供应50枚巡航导弹：其中一些已经交付，甚至于6月已经用于袭击琼加尔大桥。 就其本身而言，SCALP/风暴阴影显然是一种威胁，但俄罗斯军队正在逐渐学习如何有效击落此类目标。同样，俄罗斯部队此前也已适应了HIMARS：与去年夏天美国多管火箭炮出现在乌克兰时相比，分散和伪装方法的改变以及地对空导弹的密度增加大大减少了美国多管火箭炮造成的损害。#俄乌局势新进展##普京指责瓦格纳负责人叛国##瓦格纳集团称内战已经正式开始# 收起d,微博网页版,,,https://wx2.sinaimg.cn/thumb150/3c82d175ly1hftphvjzwgj222315oe81.jpg https://wx4.sinaimg.cn/thumb150/3c82d175ly1hftpikyku3j222417qe81.jpg https://wx4.sinaimg.cn/thumb150/3c82d175ly1hftpikyd22j21xg1817wh.jpg,https://weibo.com/1015206261/N9ub2bNX7,19,68,167,红V认证
4922590437049389,2023-07-12 08:08,蜗牛柯基,https://weibo.com/1015206261?refer_flag=1001030103_,🇷🇺🇺🇦 乌克兰武装部队在南顿涅茨克学习到的经验在6月初装备遭受巨大损失后，乌克兰指挥部决定改变战术：现在步兵进攻，步兵战车和轮式车辆仅用作“装甲出租车”，向俄罗斯阵地前输送人力。突击部队的任务是，经过强大的炮火准备后，坚守俄罗斯据点附近的林带。 如果俄军无法完全消灭和清理乌军，其他方向又有被包夹的风险，那么俄罗斯部队就会撤退到下一条准备好的战线，以避免人员不必要的损失。如果乌军临时防御失败就会离开，第二天再继续重复一遍。 📌 这确实使乌克兰部队能够在俄罗的防御弹性条件下获得某种推进，但这种袭击对进攻方来说依然很致命，仍然要遭受巨大人力损失。总的来说，现在乌克兰战士的生命实际上是在交换无名的林带，获得名义上的“领土”面积，同时试图削弱俄罗斯军队的实力。事实就是，连续一个月的“肉攻”，乌克兰人只占领了八个村庄。@军武大伊万 @水獭军一般兵 @陆瑞71136 #俄乌局势新进展##普京指责瓦格纳负责人叛国##瓦格纳集团称内战已经正式开始# 收起d,微博网页版,,,https://wx2.sinaimg.cn/orj360/3c82d175ly1hftp3bh3s5j21xg12zgxg.jpg,https://weibo.com/1015206261/N9tGbtzRP,8,100,267,红V认证
4922573072893545,2023-07-12 06:59,蜗牛柯基,https://weibo.com/1015206261?refer_flag=1001030103_,❗️🇷🇺🇺🇦 截至 2023 年 7 月 11 日阿特木斯克局势🔻俄军在克里希夫卡附近经过几天的防御后，发起了反击。 据前线称，在村庄南部，俄罗斯部队出其不意地袭击了乌方一支小队，并俘虏了至少 7 人。在克里希夫卡以西和西北部，俄罗斯军队将乌克兰第3突击旅从定居点郊区赶出，并且清除了重要战术高地上的乌军据点。🔻在阿特木斯克以北，乌克兰第57旅突破至别尔希夫卡郊区，经过一天多的战斗，乌军被炮击击退，随后俄罗斯第 98 空降师清理了村庄。坐标：48.643743、37.968079然而，乌克兰人能突破到别尔希夫卡的事实表明，乌克兰部队对水库附近俄罗斯防御的攻击力度有所增加。 早些时候还能说乌克兰人被拦在了水库以南，目前对方已经能够冲击村庄本身了。柯基语：RYBAR这个战报晚了一天……38小时前战报请点击微博正文@军武大伊万 @水獭军一般兵 @陆瑞71136 #俄乌局势新进展##普京指责瓦格纳负责人叛国##瓦格纳集团称内战已经正式开始# 收起d,微博网页版,,,https://wx1.sinaimg.cn/orj360/3c82d175ly1hfty6xedtpj21k61c9dxa.jpg,https://weibo.com/1015206261/N9tebc8K5,3,11,112,红V认证
4922560539787890,2023-07-12 06:09,蜗牛柯基,https://weibo.com/1015206261?refer_flag=1001030103_,🇷🇺🇺🇦 美国卫星开始加强再赫尔松地区的侦察过去两天，美国军事卫星一直在监视赫尔松地区的多个目标，包括克里米亚的桥梁和渡口，其中包括已经受到“风暴阴影”袭击的琼加尔大桥。🔻还有其他有趣的地方，例如俄罗斯部队后方的娱乐中心斯特里尔科韦，再联想一下今天发生的事情，太有讽刺意味……柯基语：这里应该是指今天传的阵亡中将乌克兰人在西方的支持下进行联合侦察，最初的信息是由线人提供的，随后卫星对这些数据进行处理，确认或反驳这些信息。之后根据目标的重要性，用高精度远程武器打击目标，用英法提供的巡航导弹就足够了。 最有趣的是，部队每个人都知道，但没有采取任何措施。#俄乌局势新进展##普京指责瓦格纳负责人叛国##瓦格纳集团称内战已经正式开始# 收起d,微博网页版,,,https://wx3.sinaimg.cn/orj360/3c82d175ly1hftpdgkgmyj21xg12zthy.jpg,https://weibo.com/1015206261/N9sTXF4hc,4,23,96,红V认证
4922471427606796,2023-07-12 00:15,蜗牛柯基,https://weibo.com/1015206261?refer_flag=1001030103_,58集每天用这样的画质确认战果，能准确才怪#俄乌局势新进展##普京指责瓦格纳负责人叛国##外交部回应瓦格纳集团事件# L蜗牛柯基的微博视频 ​,微博视频号,,,,https://weibo.com/1015206261/N9qAevUSg,3,12,92,红V认证
4922463455022488,2023-07-11 23:43,蜗牛柯基,https://weibo.com/1015206261?refer_flag=1001030103_,❗️🇷🇺🇺🇦 截至 2023 年 7 月 11 日 18 点克里米纳局势🔻在斯瓦托地区，俄罗斯第21摩托化旅在炮兵和陆军航空兵的支援下向南冲击，占领了普洛先卡西南沟壑区的一个高地，随后在该地区站稳脚跟。▪️乌军试图夺回重要阵地，首先用BM-21多管火箭炮和蟹式自行榴弹炮对据点进行大规模炮击，然后用三辆坦克和六辆步兵战车发起反击。▪️乌克兰第21旅的炮兵营发射了400多发大口径炮弹，但乌克兰编队始终无法接近这一高地，同时损失了两辆坦克和三辆步兵战车。🔻在南部的托尔斯地区，出现了乌克兰炮兵袭击村庄郊区的镜头。 据多个渠道报道，俄罗斯部队闯入该村庄，并在那里展开战斗。 目前尚无关于该村情况的更多具体数据。坐标：49.020657、37.969098🔻在塞雷布良卡林区，乌克兰部队对红迪布罗瓦西南的俄罗斯特种部队阵地发动了五次攻击，但无济于事，所有进攻企图被击退。▪️然而，在西面乌克兰控制的森林部分，乌军工兵部队正在修筑新的阵地。 为此，建筑设备和材料已部署到该地区，据点将配备混凝土工事，理论上，这将使俄军在该地区的进一步进攻变得困难。29小时前战报请点击微博正文@军武大伊万 @水獭军一般兵 @陆瑞71136 #俄乌局势新进展##普京指责瓦格纳负责人叛国##瓦格纳集团称内战已经正式开始# 收起d,微博网页版,,,https://wx4.sinaimg.cn/orj360/3c82d175ly1hfte8axb3yj21xg12ak4g.jpg,https://weibo.com/1015206261/N9qnnl4zS,11,79,298,红V认证
4922457783536722,2023-07-11 23:20,蜗牛柯基,https://weibo.com/1015206261?refer_flag=1001030103_,❗️🇷🇺🇺🇦 ZARHIV更新红利曼情况#俄乌局势新进展##普京指责瓦格纳负责人叛国##瓦格纳集团称内战已经正式开始# ​​​,微博网页版,,,https://wx3.sinaimg.cn/orj360/3c82d175ly1hftdku0qplj20zk0k0n1u.jpg,https://weibo.com/1015206261/N9qeeeQ3U,1,14,73,红V认证
4922456759864833,2023-07-11 23:16,蜗牛柯基,https://weibo.com/1015206261?refer_flag=1001030103_,"❗️🇷🇺🇺🇦 rv称前线报告俄军进入托尔斯克，这是自2022年以来首次。视频中乌军正在打击49.020657,37.969098，明显是阻止俄军推进#俄乌局势新进展##普京指责瓦格纳负责人叛国##瓦格纳集团称内战已经正式开始# ​",微博网页版,,,https://wx4.sinaimg.cn/thumb150/3c82d175ly1hftdgh5r2bj20zk0zkdq0.jpg https://wx4.sinaimg.cn/thumb150/3c82d175ly1hftdgh5hruj20np0zkq8o.jpg https://wx2.sinaimg.cn/thumb150/3c82d175ly1hftdgh8ak8j20zk0id7jc.jpg,https://weibo.com/1015206261/N9qczFoid,2,26,120,红V认证
4922453047907956,2023-07-11 23:02,蜗牛柯基,https://weibo.com/1015206261?refer_flag=1001030103_,❗️🇷🇺🇺🇦 截至 2023 年 7 月 11 日 17 点赫尔松局势🔻在安托尼夫卡桥，乌克兰部队继续占据桥头堡。昨晚，第 124 国土防卫旅两个小组从安托尼夫卡乘坐高速小艇在桥下登陆，负责火力掩护的是萨多韦和赫尔松炮兵以及迫击炮兵。与此同时，乌军DRG在普雷德尼普罗夫斯克登陆。 为了支援步兵，两架乌克兰Su-25攻击机袭击了第聂伯河附近的俄罗斯阵地，其中一架被便携式防空击落于季亚金卡。🔻此外，拦截到位于普雷德尼普罗夫斯克的乌军侦察部队报告称，秋鲁平斯克以北的铁路桥于清晨发生爆炸。 不过，这一点尚未得到证实。🔻在诺瓦卡荷夫卡以北，乌克兰国土防御部队正在为国土防御部队指挥官坦秋拉少将抵达前线做准备。❗️还有消息称，乌克兰空军至少一架战斗机在奥索科里夫卡上空被击落。@军武大伊万 @水獭军一般兵 @陆瑞71136 #俄乌局势新进展##普京指责瓦格纳负责人叛国##瓦格纳集团称内战已经正式开始# 收起d,微博网页版,,,https://wx2.sinaimg.cn/orj360/3c82d175ly1hftd19urlxj21xg131qfe.jpg,https://weibo.com/1015206261/N9q6AxbdG,4,35,94,红V认证
4922423835101363,2023-07-11 21:05,蜗牛柯基,https://weibo.com/1015206261?refer_flag=1001030103_,柳叶刀应该也奇怪，BMP2带这么多弹药干嘛#俄乌局势新进展##普京指责瓦格纳负责人叛国##外交部回应瓦格纳集团事件# L蜗牛柯基的微博视频 ​,微博视频号,,,,https://weibo.com/1015206261/N9pltlp63,3,29,85,红V认证
4922421087832064,2023-07-11 20:55,蜗牛柯基,https://weibo.com/1015206261?refer_flag=1001030103_,❗️🇷🇺🇺🇦 截至 2023 年 7 月 11 日 14 点南顿涅茨克局势🔻乌克兰司令部将第36海军陆战旅第501营部署到普里尤特涅以北沟壑地区，目前，先头部队正在森林带中埋雷。新部队的出现表明乌军已经在此处站稳脚跟。 在过去的几天里，突击分队不顾俄罗斯炮击造成的损失，在乌克兰第 72 机械旅炮兵团的掩护下，从列瓦德涅出发到达此处。在稍东一点的地方，是乌克兰第 31 和 36 旅的突击群，第35海军陆战旅也抵达那里以确保该地点的安全，俄罗斯炮兵正在打击该地。❗️关于俄军战线的配置没有确切的信息，但是，俄罗斯部队很可能退守到普里尤特涅以北的防线，以避免来自列瓦德涅的侧翼打击。🔻当下，乌方工兵部队正在普里尤特涅以北的阵地作业。 并且，考虑到兵力集中在此，接下来的普里尤特涅将有一场恶战。29小时前战报请点击微博正文@军武大伊万 @水獭军一般兵 @陆瑞71136 #俄乌局势新进展##普京指责瓦格纳负责人叛国##瓦格纳集团称内战已经正式开始# 收起d,微博网页版,,,https://wx2.sinaimg.cn/orj360/3c82d175ly1hft9d4tffwj21xg1eph17.jpg,https://weibo.com/1015206261/N9ph2wRtC,7,16,73,红V认证
4922373109973312,2023-07-11 17:44,蜗牛柯基,https://weibo.com/1015206261?refer_flag=1001030103_,❗️🇷🇺🇺🇦🎞 特别军事行动俄方战区可视化总结——2023 年 7 月 10 日#俄乌局势新进展##普京指责瓦格纳负责人叛国##外交部回应瓦格纳集团事件# L蜗牛柯基的微博视频 ​,iPhone客户端,,,,https://weibo.com/1015206261/N9o1EFQvS,3,5,53,红V认证
4922310765317142,2023-07-11 13:36,蜗牛柯基,https://weibo.com/1015206261?refer_flag=1001030103_,"❗️🇷🇺🇺🇦 截至 2023 年 7 月 10 日 13 点克里米纳局势（昨天漏了，补档）🔻乌克兰第32机械化旅集中到博罗瓦附近，部分编队已经进驻第92旅的阵地，而第92旅向苏勒答尔方向转移。🔻往南一点，乌克兰第1总统旅518营的成员抵达新舍利夫斯克地段，另外三个营驻扎在哈尔科夫地区南部。 此前，第1总统旅在别尔哥罗德州边境作战。🔻来自切尔尼戈夫地区的乌克兰第44机械旅抵达红利曼，带来了包括 50 辆波兰装甲运兵车金刚狼、20 辆斯洛文尼亚装甲运兵车瓦卢克和 5 辆 BTR-4，约有 2,600 人。过去几天，乌克兰部队在该地区的活动有所增加。 经过几次战斗侦察，局势稍微稳定下来，但乌方在卢甘斯克沿线的兵力加强表明反击即将到来。@军武大伊万 @水獭军一般兵 @陆瑞71136 #俄乌局势新进展##普京指责瓦格纳负责人叛国##瓦格纳集团称内战已经正式开始# 收起d",微博网页版,,,https://wx2.sinaimg.cn/orj360/3c82d175ly1hfswozvg0fj22nu1prhcn.jpg,https://weibo.com/1015206261/N9mp6mjem,7,29,72,红V认证
4922296664590598,2023-07-11 12:40,蜗牛柯基,https://weibo.com/1015206261?refer_flag=1001030103_,"🇷🇺🇺🇦 ISW 7 月 10 日报告摘录1、9号发布的地理定位视频表明，俄军挺进新舍利夫斯克2、俄方信源和地理定位镜头显示，截至10日，乌军已逼近罗博季涅正文摘抄“乌总参报告称，乌军在过去一周已解放了阿特木斯克方向4平方公里的领土，自反攻行动以来（可能在6月初左右），总共解放了24平方公里。西尔斯基在 7 月 9 日发表的采访中对美国广播公司表示 ，他对乌军将重回阿特木斯克充满信心。”“乌总参还报告说，乌军向别尔江斯克和梅利托波尔方向推进了1公里，自乌军反攻以来总共推进了8.6公里。”柯基语：有必要提醒一下乌方矜持一点，库班到梅利托波尔直线距离约80公里，到别尔江斯克约120公里，而大诺沃西尔卡到别尔江斯克直线距离也是120公里“自6月4日反攻开始以来，ISW根据自身掌握的地理数据计算出，乌军收复了约253平方公里的领土。自1月1日以来，乌军已夺回整个战区总计282平方公里的土地。在五周内，乌军解放的领土面积几乎相当于俄军在六个多月内占领的领土面积。 ”柯基语：isw是懂汇报的，谈面积不谈人口，谈领土不谈作用“佩斯科夫表示，普京会见了普里戈津以及所有瓦格纳指挥官（总共 35 人），在克宫举行了为期三个小时的会议。普京对瓦格纳在“特别军事行动”期间的行动进行了评估，对武装叛乱进行了评估，并听取了指挥官的解释。普京还向瓦格纳指挥官提供了“进一步的就业选择”，而瓦格纳指挥官则向普京保证，他们是国家和普京的忠实支持者和士兵。”“吉尔金抱怨说，他正准备离开圣彼得堡前往莫斯科，因为很明显他在这座城市不再受到欢迎。”“7 月 10 日发布的地理定位视频显示，乌军进行了机械化推进至罗博季涅东北 2 公里处（库班以南 14 公里）。”“7 月 9 日发布的地理定位视频还显示，乌军已从库班东南方向新波克罗夫卡（库班东南 15 公里）推进。”“俄罗斯军队在战场上继续遭受重大伤亡。BBC 俄罗斯频道使用公开来源的信息证实了 7 月 4 日至 7 日期间有 553 名军人死亡。BBC 还证实了一名俄罗斯将军、两名上校、三名中校和12名军官的死亡。”柯基语：1、断章取义的如此明显，原文还说了一句“过去两周，我们已识别出 1,302 人的身份。”。长期看我博的知道我每两周都会转这个报告，近期的两周确认数字都是1200左右2、第二句的原文继续少抄一段“自6月4日以来”，掐头去尾真熟练#俄乌局势新进展##微博新知博主##普京指责瓦格纳负责人叛国# 收起d",微博网页版,,,https://wx3.sinaimg.cn/thumb150/3c82d175ly1hfsv2neuo4j21yu2srhdv.jpg https://wx4.sinaimg.cn/thumb150/3c82d175ly1hfsv2nmm4hj21yu3ioqva.jpg,https://weibo.com/1015206261/N9m2mjgdU,6,21,75,红V认证
4922218233990576,2023-07-11 07:29,蜗牛柯基,https://weibo.com/1015206261?refer_flag=1001030103_,❗️🇷🇺🇺🇦 截至 2023 年 7 月 10 日阿瓦迪夫卡之战情况🔻阿瓦迪夫卡区域的战斗仍在继续。 昨天，乌克兰部队试图占领沃达尼以北的森林带，但被俄罗斯第1453团的榴弹炮营阻止。▪️利用乌克兰部队的撤出和重新集结，俄罗斯突击分队发起反击。 据报道，俄罗斯部队占领了谢韦尔内村以南的一个重要据点，并向定居点进一步推进。❗️乌克兰部队已经试图进攻以夺回控制权，但俄罗斯部队击退了进攻。 向北推进使得从奥尔利夫卡到拉斯托克凯恩的道路受到火力控制，危及了乌军在阿瓦迪夫卡沿线的补给。🔻在克拉斯诺格夫卡以北，双方正在相互炮击，俄罗斯军队再次突破了铁路附近乌克兰的防御。 在南部，俄罗斯部队试图袭击阿瓦迪夫卡郊区，但毫无进展。@军武大伊万 @水獭军一般兵 @陆瑞71136 #俄乌局势新进展##普京指责瓦格纳负责人叛国##瓦格纳集团称内战已经正式开始# 收起d,微博网页版,,,https://wx4.sinaimg.cn/orj360/3c82d175ly1hfsibugupyj223v1paniu.jpg,https://weibo.com/1015206261/N9jZRgK88,14,55,218,红V认证
4922077499625652,2023-07-10 22:09,流年拾忆Lucky,https://weibo.com/5698089344?refer_flag=1001030103_,目前来看，是虚晃一招，诡道制敌。 长远的看，是藩镇割据，后患无穷。 #普京6月29日在克宫会见普里戈任# #普京指责瓦格纳负责人叛国# #普京发表讲话#,OPPO R9s,,,,https://weibo.com/5698089344/N9gkREo4s,0,0,0,没有认证
4922075799885787,2023-07-10 22:03,爱慕死神却是天使的女人,https://weibo.com/2292213617?refer_flag=1001030103_,#普京6月29日在克宫会见普里戈任# 这…不会之前的“瓦格纳兵变”真的是双普唱的一出双簧吧#普京曾有意杀死普里戈任#  #普京指责瓦格纳负责人叛国# 看不懂了…,iPhone XR,,,,https://weibo.com/2292213617/N9gi7FtKb,0,0,0,没有认证
4922073455267998,2023-07-10 21:53,日新说Copernicium,https://weibo.com/7821047516?refer_flag=1001030103_,发布了头条文章：《瓦格纳之殇： 普京如何让俄罗斯走上堕落之路》#普京#普京超话#普京指责瓦格纳负责人叛国# O瓦格纳之殇： 普京如何让俄罗斯走上堕落之路 ​,微博 weibo.com,,,,https://weibo.com/7821047516/N9gelm6rI,1,1,3,黄V认证
4922053192848959,2023-07-10 20:33,蜗牛柯基,https://weibo.com/1015206261?refer_flag=1001030103_,❗️🇷🇺🇺🇦 截至 2023 年 7 月 10 日 14 点扎波罗热局势🔻罗博季涅东北部，乌克兰第47旅25人，在布拉德利步兵战车的支援下，深入俄罗斯武装部队第71团防线500米纵深。早上，乌军又调来了一个小组以及一辆坦克和几辆步兵战车，试图完全封闭通往韦尔博尔的路段，结果坦克被冰雹火箭炮直接命中击中。现在，乌克兰第 47 和第 33 旅组成的突击群正试图在罗博季涅东北方取得立足点，战斗仍在继续。🔻今天早上在派特科哈特，乌克兰第128山地旅进入村庄时，立刻就被炮火覆盖，幸存人员撤退到原来的阵地。此外，《纽约时报》记者抵达基罗韦，计划拍摄一份关于乌克兰部队在攻击俄罗斯阵地过程中的行动报道。38小时前战报请点击微博正文@军武大伊万 @水獭军一般兵 @陆瑞71136 #俄乌局势新进展##普京指责瓦格纳负责人叛国##瓦格纳集团称内战已经正式开始# 收起d,微博网页版,,,https://wx1.sinaimg.cn/orj360/3c82d175ly1hfs340f3jej223d1gdtqk.jpg,https://weibo.com/1015206261/N9fHFbX8X,7,62,171,红V认证
4922043559051864,2023-07-10 19:54,性格部落,https://weibo.com/3319713444?refer_flag=1001030103_,“政变后”普京还会见了瓦格纳头子普里戈津？​#普京指责瓦格纳负责人叛国##普京# 不是都僵了吗？​其实这也是一种文明进步，虽然俄罗斯在“内斗”的文明化路上还需要要走很久。人类褪去原始毛发进入集体社会体系后，初期还是茹毛饮血很野蛮的，看看人类初期历史就知道，无论内斗外斗都是“你死我活”的，比如: 人祭祀、一人犯罪株连九族、成者王侯败者寇、各种残酷刑具，政见不同的杀戮 ...从性格说，普京A型血内向，他的沟通可以理解: 内向人做事不冲动，也可以说胆子小，不野蛮；A型血理性不是冲动型，会冷静的计算得失，而且沟通能力强。估计外热的O，B血型一旦搞僵回旋余地就没有了。本质上瓦格纳是普京的另外一个嫡系，都是俄罗斯体系的，沟通总比你死我活好。​O网页链接 收起d,HUAWEI P60,,,,https://weibo.com/3319713444/N9fs7BYNO,0,0,0,没有认证
4922022365500481,2023-07-10 18:30,鹅毛毛丹尼尔,https://weibo.com/6409775405?refer_flag=1001030103_,克里姆林宫证实，普京确实在克里姆林宫会见了瓦格纳PMC战士。出席会议的有35人，都是分队的指挥官和“瓦格纳”的领导，包括叶夫根尼·普里戈津本人。会议于6月29日举行，持续了三个小时。总统对“瓦格纳”的行动进行了评价，并听取了他们的解释。没有关于国防部代表是否出席会议的消息。瓦格纳的指挥官在克里姆林宫与普京会面时保证，他们是普京的坚定支持者，并准备继续为祖国而战。#普京指责瓦格纳负责人叛国##军事##俄乌局势##俄罗斯军事# #普京6月29日在克宫会见普里戈任# 收起d,iPhone客户端,,,https://wx4.sinaimg.cn/thumb150/006ZMLohgy1hfrzkanje2j30zk0hegnq.jpg https://wx2.sinaimg.cn/thumb150/006ZMLohgy1hfrzkbphqaj30ly0js75s.jpg,https://weibo.com/6409775405/N9eTWn4Vr,84,150,876,红V认证
4922006409846220,2023-07-10 17:27,蜗牛柯基,https://weibo.com/1015206261?refer_flag=1001030103_,❗️🇷🇺🇺🇦 截至 2023 年 7 月 10 日 12 点库普扬斯克局势🔻在库普扬斯克地区，俄罗斯部队继续袭击乌克兰部队的据点和集结点。 乌克兰第14旅在战斗中遭受损失，其中一次袭击造成75人受伤。▪️为了加强编组，乌克兰第41机械化旅没有坦克营的部队被部署到库普扬斯克及其周边地区。▪️总计约2800人抵达库普扬斯克、戈卢比夫卡和库切里夫卡，还有94辆MaxxPRO防雷车，以及4台多管火箭炮和25门野战炮、迫击炮。❗️在库普扬斯克附近部署新编队主要是因为乌克兰在该地区的损失。 然而，装甲车的数量和装备类型表明乌军可能在这里发动攻击。考虑到乌克兰部队在整个卢甘斯克边界沿线大量集结，对俄罗斯军队进行夹击的可能性很高。柯基语：明显奥斯基尔河对岸的桥头堡没了，RYBAR藏着掖着没报@军武大伊万 @水獭军一般兵 @陆瑞71136 #俄乌局势新进展##普京指责瓦格纳负责人叛国##瓦格纳集团称内战已经正式开始# 收起d,微博网页版,,,https://wx4.sinaimg.cn/orj360/3c82d175ly1hfrxpwdpt3j21ww1emh0l.jpg,https://weibo.com/1015206261/N9eucFjs0,8,42,138,红V认证
4922002940364813,2023-07-10 17:13,蜗牛柯基,https://weibo.com/1015206261?refer_flag=1001030103_,❗️🇷🇺🇺🇦🎞 特别军事行动俄方战区可视化总结——2023 年 7 月 8～9 日#俄乌局势新进展##普京指责瓦格纳负责人叛国##外交部回应瓦格纳集团事件# L蜗牛柯基的微博视频 ​,iPhone客户端,,,,https://weibo.com/1015206261/N9eoC1wU5,2,3,37,红V认证
4921978438293065,2023-07-10 15:36,蜗牛柯基,https://weibo.com/1015206261?refer_flag=1001030103_,❗️🇷🇺🇺🇦 截至 2023 年 7 月 10 日 10 点阿特木斯克局势🔻阿特木斯克一带，乌军的活动略有减少。 但这是因为准备发动新的更大规模攻势，目的是包围整个阿特木斯克俄罗斯集团。▪️西边，恰索夫亚尔和顿河君士坦丁罗夫卡附近，乌克兰第57旅、第3旅和第60旅组成了12个突击队，每个队伍的人数约为 120 人，以及 4 到 5 辆装甲运兵车。▪️第57旅的9个分队将从博达尼夫卡对别尔希夫卡发起进攻，以打通M03高速公路，第3突击旅的3个分队打算从普雷德泰因进攻奥德拉季夫卡和克里希夫卡，最后转进欧泊汀。❗️ 由于附近存在重要的战术高地，乌军对阿特木斯克西南村庄的攻击几乎不会停止。 如被攻克，俄罗斯军队只能退守欧泊汀，乌克兰部队在此拼尽全力并非偶然。🔻此外，在罗兹多利夫卡附近，乌克兰从斯瓦托调来了第92机械化旅。据了解，第92旅突击部队计划以装甲车支援大兵力，向雅科夫列夫卡和苏勒答尔发起进攻。乌军下一阶段阿特木斯克攻势很可能已经做好空地炮火协调，极有可能同时使用炮兵和防空部队，俄军应该尽早做好准备。@军武大伊万 @水獭军一般兵 @陆瑞71136 #俄乌局势新进展##普京指责瓦格纳负责人叛国##瓦格纳集团称内战已经正式开始# 收起d,微博网页版,,,https://wx1.sinaimg.cn/orj360/3c82d175ly1hfruizbn6bj21k61c9k8c.jpg,https://weibo.com/1015206261/N9dL5yNp7,16,91,242,红V认证
4921964177658903,2023-07-10 14:39,蜗牛柯基,https://weibo.com/1015206261?refer_flag=1001030103_,❗️🇷🇺🇺🇦 截至 2023 年 7 月 10 日 9 点南顿涅茨克局势🔻乌克兰武装部队经过数次出击后总结经验，转为阵地稳步推进。步兵在大炮的掩护下，正试图在普里尤特涅以北沟壑站稳脚跟。▪️最近几天，乌克兰第36和72机械旅火炮以及第1坦克旅的坦克，从新达里夫卡-利夫诺波尔一线向俄罗斯前沿阵地连续射击。▪️此外，乌克兰第35海军陆战旅抵达马卡里夫卡和利夫诺波尔。在拦截到的乌军无线电通信中，获悉乌克兰第79旅也已经抵达。乌克兰武装部队选择缓慢的“爬行”进攻战术，而不是之前的“猪突”打法，使得夯实前线成为可能。尽管还是有损失（第31旅的一个部队已经后撤进行恢复），但仍需要巩固现有前线作为出发点，以进一步进攻俄罗斯普里尤特涅-旧马约尔斯克防线。@军武大伊万 @水獭军一般兵 @陆瑞71136 #俄乌局势新进展##普京指责瓦格纳负责人叛国##瓦格纳集团称内战已经正式开始# 收起d,iPhone客户端,,,https://wx1.sinaimg.cn/orj360/3c82d175ly1hfrumy10v9j219a0x2n5g.jpg,https://weibo.com/1015206261/N9do5w8qH,5,35,90,红V认证
4921893394058709,2023-07-10 09:58,在抚州的阿源,https://weibo.com/1291005821?refer_flag=1001030103_,！#普京指责瓦格纳负责人叛国#↖7她 #动漫# 2抚州·抚州梦家公寓(抚临路分店) ​,Redmi K40,http://t.cn/EaSVxQn,抚州·抚州梦家公寓(抚临路分店),,https://weibo.com/1291005821/N9bxVh1R3,0,0,0,没有认证
4921870694223180,2023-07-10 08:28,蜗牛柯基,https://weibo.com/1015206261?refer_flag=1001030103_,❗️🇷🇺🇺🇦 乌克兰继续对俄罗斯领土发动打击过去几天，乌克兰部队加大了对远离边境的俄罗斯领土的打击力度。早些时候大多数事件发生在边境地区，现在乌克兰部队开始试图袭击沃罗涅日州。7月9日，乌军使用S-200的升级型导弹袭击了克里米亚大桥、罗斯托夫和布良斯克，所有目标均被俄罗斯防空拦截。与安托尼夫卡桥头堡和带回亚速营俘虏的情况一样，乌克兰部队经常在前线进展不顺的时候试图挽回突击部队的士气和心理状态。乌克兰武装部队的袭击不仅给民众带来压力，还使国民的注意力集中在俄罗斯当局无力阻止上。是的，战争很有可能会在更加宽阔的战线上进行，主要打击将集中在一个或两个方向，其余的目标是引起俄罗斯部队的注意。🔻目前对俄罗斯领土的远程打击更像是探测后方的防御，而不是真正试图击中某一个目标。 通过这种方式，乌克兰部队振奋了精神，展示了军事实力。随着峰会即将召开，西方国家要求的大规模攻势还未到来，而且日期已多次推迟，这些袭击只会增加。#俄乌局势新进展##普京指责瓦格纳负责人叛国##瓦格纳集团称内战已经正式开始# 收起d,微博网页版,,,https://wx4.sinaimg.cn/orj360/3c82d175ly1hfre58s5y1j225r1l6qqu.jpg,https://weibo.com/1015206261/N9aXjhIDO,5,48,155,红V认证
4921850058244908,2023-07-10 07:06,蜗牛柯基,https://weibo.com/1015206261?refer_flag=1001030103_,❗️🇷🇺🇺🇦 截至 2023 年 7 月 9 日 20 点克里米纳局势俄罗斯军队在过去几天一直在托尔斯克和塞雷布良卡林区中前进。经过激烈战斗，俄罗斯部队成功地从十多个据点中击退了乌军，保卫这些地点的乌克兰部队部分撤出进行恢复。目前，俄罗斯部队已驻扎在新占领的阵地。 双方支持利用森林灌木丛作为掩护的相互炮击。❗️现在乌军集中地都与前线保持着距离，但从红利曼-伊久姆-沃洛西卡巴拉克利亚一线乌方装甲车和人员的集中情况来看，乌克兰正在为未来几天的反击做准备。@军武大伊万 @水獭军一般兵 @陆瑞71136 #俄乌局势新进展##普京指责瓦格纳负责人叛国##瓦格纳集团称内战已经正式开始# 收起d,微博网页版,,,https://wx3.sinaimg.cn/orj360/3c82d175ly1hfrdrdoawqj21zu13wk5x.jpg,https://weibo.com/1015206261/N9aq1yASo,9,29,161,红V认证
4921733406530516,2023-07-09 23:22,蜗牛柯基,https://weibo.com/1015206261?refer_flag=1001030103_,❗️🇷🇺🇺🇦 截至 2023 年 7 月 9 日 18 点斯瓦托局势新舍利夫斯克附近的战斗仍在继续。 在进攻数次进攻并清理两条街道后，俄军撤至铁路附近的阵地，将兵力集中在南郊。俄罗斯突击分队正在南面推进，试图突破190高地，一半已经被清理，另一半处于灰色地带。这个高地将提供比正面攻击更具优势的攻击方向，能够避免不必要的人员损失，并能火力控制通往新舍利夫斯克的道路和定居点本身。@军武大伊万 @水獭军一般兵 @陆瑞71136 #俄乌局势新进展##普京指责瓦格纳负责人叛国##瓦格纳集团称内战已经正式开始# 收起d,微博网页版,,,https://wx3.sinaimg.cn/orj360/3c82d175ly1hfr2dvgby0j22231qidth.jpg,https://weibo.com/1015206261/N97nSroSU,8,33,152,红V认证
4921628767554638,2023-07-09 16:26,蜗牛柯基,https://weibo.com/1015206261?refer_flag=1001030103_,西方统计的普里戈津飞行轨迹，你要说他不是勤劳的客机飞行员我都不信#俄乌局势新进展##普京指责瓦格纳负责人叛国##瓦格纳集团称内战已经正式开始# L蜗牛柯基的微博视频 ​,微博视频号,,,,https://weibo.com/1015206261/N94F6vHj0,9,18,98,红V认证
4921512332888116,2023-07-09 08:44,蜗牛柯基,https://weibo.com/1015206261?refer_flag=1001030103_,❗️🇷🇺🇺🇦 截至 2023 年 7 月 8 日 24 点扎波罗热局势❗️清晨，乌军向罗博季涅东北部的森林地带派出一支装甲战车突击小组。乌克兰分队突袭了俄罗斯各部队防御的交界处，并突破了前沿据点。 现在，争夺俄军第71团7连阵地的战斗正在进行。今天下了几个小时的大雨，道路和引道被完全冲毁。 乌克兰突击队进入前线，但补给和增援仍被切断，炮击还在继续。🔻 在西边，乌克兰的重要部队已从派特科哈特地区撤出。乌军这一行为的目的尚不完全清楚，但肯定不是撤退，最有可能的是部队的轮换和补充。@军武大伊万 @水獭军一般兵 @陆瑞71136 #俄乌局势新进展##普京指责瓦格纳负责人叛国##瓦格纳集团称内战已经正式开始# 收起d,微博网页版,,,https://wx2.sinaimg.cn/orj360/3c82d175ly1hfq5sjis7sj21xg1ca7jn.jpg,https://weibo.com/1015206261/N91Djc7kw,10,37,185,红V认证
4921317822827263,2023-07-08 19:51,蜗牛柯基,https://weibo.com/1015206261?refer_flag=1001030103_,❗️🇷🇺🇺🇦🎞 特别军事行动俄方战区可视化总结——2023 年 7 月 7 日#俄乌局势新进展##普京指责瓦格纳负责人叛国##外交部回应瓦格纳集团事件# L蜗牛柯基的微博视频 ​,iPhone客户端,,,,https://weibo.com/1015206261/N8WzAbRv1,4,8,84,红V认证
4921144659936297,2023-07-08 08:23,蜗牛柯基,https://weibo.com/1015206261?refer_flag=1001030103_,❗️🇷🇺🇺🇦 截至 2023 年 7 月 7 日 17 点克里米纳局势沿着从斯瓦托到比洛戈尔夫卡的前线，乌克兰武装部队进行了多次进攻，试图突破俄罗斯部队的防御。 与其他地区不同的是，在森林中，乌克兰编队在几辆装甲战车的掩护下使用大部队推进。🔻在斯瓦托区，乌克兰第66机械化旅向俄罗斯第30和第15摩托化旅在克拉斯诺里琴西克-卡尔马济尼夫卡一线的阵地施压。 在稍南一点的地方，乌克兰第 66 突击分队试图夺回前一天在涅夫斯克战斗中失去的地区。🔻在托斯基克以南，乌克兰第21和第63旅机械化小组打算从多个侧面突破俄罗斯防线，其任务是切断克里米纳的补给，为此乌克兰部队试图占领一段高速公路。再往南一点，精锐的乌克兰第95空降旅再次袭击了红迪布罗瓦以南的俄罗据点，这些据点原本藏在塞雷布良卡林区后。🔻乌克兰第42旅和第81旅几乎同时进行攻击，目标是比洛戈里夫卡和什皮利夫卡方向，不久前，俄罗斯部队刚将乌军从这一带的多个阵地驱逐出去。所有乌军突破的尝试都被击退。最近拍摄的乌克兰第 95 空降旅伞兵被俘以及克里米纳附近森林中乌方装甲车被毁的镜头证实，俄罗斯部队正在坚守阵地。@军武大伊万 @水獭军一般兵 @陆瑞71136 #俄乌局势新进展##普京指责瓦格纳负责人叛国##瓦格纳集团称内战已经正式开始# 收起d,微博网页版,,,https://wx1.sinaimg.cn/orj360/3c82d175ly1hfoxts89zlj21xg132wsm.jpg,https://weibo.com/1015206261/N8S4hFGSR,4,52,208,红V认证
4920978944302851,2023-07-07 21:24,蜗牛柯基,https://weibo.com/1015206261?refer_flag=1001030103_,"❗️🇷🇺🇺🇦 截至 2023 年 7 月 7 日 15 点南顿涅茨克局势昨天，俄罗斯航空兵和炮兵对旧马约尔斯克西北的乌克兰据点进行了大规模打击。紧接着，俄罗斯第136旅第1营突击分队袭击了乌克兰阵地，摧毁了乌克兰部队并消灭了包括几名外国雇佣兵在内的多人。🔻现在，乌克兰第1旅和第35旅的工兵部队正在加强其在森林带的阵地，并清理道路以恢复对旧马约尔斯克的攻击。在巴哈蒂尔北部，乌克兰第38海军陆战旅出现。乌克兰第31旅和第36旅在第72旅炮兵的支援下，从列瓦德涅和利夫诺波尔向普里尤特涅方向发动偷袭，试图将俄罗斯阵地沿着天然屏障形成半圆形包围。网上出现了俄军无人机袭击大诺沃西尔卡一栋建筑的视频，该建筑是乌克兰武装部队的主要后勤中心。坐标： 47.833223, 36.835835@军武大伊万 @水獭军一般兵 @陆瑞71136 #俄乌局势新进展##普京指责瓦格纳负责人叛国##瓦格纳集团称内战已经正式开始# 收起d",iPhone客户端,,,https://wx1.sinaimg.cn/orj360/3c82d175ly1hfopdkicivj21xg1epk7i.jpg,https://weibo.com/1015206261/N8NL0i3mP,5,17,97,红V认证
4920903550370727,2023-07-07 16:24,蜗牛柯基,https://weibo.com/1015206261?refer_flag=1001030103_,🇷🇺🇺🇦🇺🇸 Maxxpro打了回广告，看，人没事儿！#普京指责瓦格纳负责人叛国##俄乌局势新进展##微博新知博主# L蜗牛柯基的微博视频 ​,iPhone客户端,,,,https://weibo.com/1015206261/N8LNp1yrt,1,13,59,红V认证
4920878930068347,2023-07-07 14:47,蜗牛柯基,https://weibo.com/1015206261?refer_flag=1001030103_,❗️🇷🇺🇺🇦🎞 特别军事行动俄方战区可视化总结——2023 年 7 月 6 日#俄乌局势新进展##普京指责瓦格纳负责人叛国##外交部回应瓦格纳集团事件# L蜗牛柯基的微博视频 ​,iPhone客户端,,,,https://weibo.com/1015206261/N8L9H0hMn,3,5,48,红V认证
4920817059629354,2023-07-07 10:41,蜗牛柯基,https://weibo.com/1015206261?refer_flag=1001030103_,🇷🇺🇺🇦 ISW 7 月 6 日报告摘录“卢卡申科表示，截至7月6日，普里戈津和瓦格纳部队并不在白俄罗斯。瓦格纳部队目前位于永久营地（在俄罗斯或乌克兰），在阿特木斯克战役后就撤退了到该营地。普里戈津在圣彼得堡，甚至可能于7月6日之前已经飞往莫斯科。”“俄罗斯反对派媒体报道称，普里戈津7月1日和7月2日在莫斯科，7月6日上午从莫斯科州起飞后降落在罗斯托夫州。”“7月6日发布的地理定位视频显示，乌克兰军队已向阿特木斯克西南约5公里处的克里希夫卡西郊推进。”“乌总参报告说，乌克兰军队击退了俄罗斯对阿特木斯克周边伊万尼夫斯克（西南 5 公里）和比拉霍拉（西南 14 公里）以及别尔希夫卡（西北 1 公里）和博达尼夫卡的进攻。 ”柯基语：拿错剧本了？“7 月 5 日发布的地理定位视频显示，俄罗斯军队仍在普里尤特涅附近驻扎，并可能控制着该定居点。”“别尔哥罗德州州长7月6日在直播中表示，别尔哥罗德州国土防卫队将组建第二个团，人员规模为3000人。”#俄乌局势新进展##微博新知博主##普京指责瓦格纳负责人叛国# 收起d,微博网页版,,,https://wx1.sinaimg.cn/orj360/3c82d175ly1hfo556zqemj22bc376kjn.jpg,https://weibo.com/1015206261/N8JxTEp2a,2,17,57,红V认证
4920657646720189,2023-07-07 00:07,蜗牛柯基,https://weibo.com/1015206261?refer_flag=1001030103_,🇷🇺🇺🇦🇸🇪 首台被摧毁的CV90视频#俄乌局势新进展##微博新知博主##普京指责瓦格纳负责人叛国# L蜗牛柯基的微博视频 ​,微博视频号,,,,https://weibo.com/1015206261/N8FoMsce9,9,19,116,红V认证
4920634175389718,2023-07-06 22:34,大亨6999,https://weibo.com/1109647951?refer_flag=1001030103_,#普京指责瓦格纳负责人叛国#愿世界和平 ​,,,,,https://weibo.com/1109647951/N8EMVmC6W,0,0,0,没有认证
